Workbook

Sheet Geocoding Guide
A1: Geocoding Guide — Center-level Lat/Long/Radius for RIO Geo-fencing
A3: Why this sheet exists
A4: Official lat/long/radius data are not available for the 1,404 markaz (centers) in this workbook. No open dataset (HDX COD-AB, geoBoundaries) covers Saudi Arabia below region/admin1 level, so markaz-level coordinates have to be built rather than downloaded in one file.
A6: What's been added to this workbook
A7: - Centers sheet: Governorate (EN) and Region (EN) lookup columns, a ready-made 'Geocoding Query' string per row (Arabic center name + Arabic governorate + 'Saudi Arabia'), and empty Latitude / Longitude / Radius (m) / Geocode Status columns for the dev team's pipeline to populate.
A8: - Governorates sheet: same Latitude/Longitude columns added at governorate-capital level, with ONE verified example filled in (Ad-Dawadmi, highlighted yellow) to show the expected format and confirm the approach works for well-documented towns.
A10: Recommended pipeline (for the dev team to run — not done manually here)
A11: 1. Batch-geocode the 'Geocoding Query' column using OpenStreetMap Nominatim (free, rate-limited to ~1 request/second, needs a valid User-Agent) or Google Maps Geocoding API (paid, higher accuracy, better Arabic handling) — either works, Google is more reliable for small/rural place names.
A12: 2. Write the returned lat/long into columns K and L, and mark column N with 'Geocoded - high confidence', 'Geocoded - low confidence (verify)', or 'No match found'.
A13: 3. Expect gaps: small or newly-designated markaz (KSA has added many centers/governorates in recent years) may not appear in any open gazetteer yet, or only under a different Arabic spelling. For 'No match found' rows, fall back to the parent governorate's coordinates as a placeholder until a manual check is done.
A14: 4. Prioritize the centers that actually have active pilot organizations/villages on the RIO platform first — geocoding all 1,404 kingdom-wide is a bulk job that doesn't need to block the pilot.
A16: On radius
... A25: These are all provincial-capital CITIES - large, well-documented places with a single unambiguous Wikipedia entry. That's the easy 14 of 150 governorates. The other ~136 governorates (smaller towns) and all 1,404 markaz/centers will have much lower hit rates through manual search - many won't have an English Wikipedia page at all, which is exactly why the batch pipeline (Nominatim/Google Geocoding API against the 'Geocoding Query' column) is still the right approach for the rest, rather than continuing one search per row.

Sheet اقرأني ReadMe
B2: الدليل الجغرافي المرجعي للمملكة العربية السعودية
B3: KSA Geographic Reference — Regions, Governorates & Centers (for GIS / map development)
B5: الغرض | Purpose | C5: ملف مرجعي موحّد للتقسيمات الإدارية الرسمية للمملكة (منطقة ← محافظة ← مركز) لاستخدامه من قبل الفريق التقني في بناء طبقات الخريطة وقاعدة البيانات الجغرافية.
B6: الهيكل | Structure | C6: 3 مستويات إدارية وفق نظام المناطق (الأمر الملكي أ/92 لعام 1412هـ/1992م): 13 منطقة إدارية، 150 محافظة (شاملة أمانات عواصم المناطق)، 1,404 مركز (مراكز فئة أ وفئة ب).
B7: أوراق الملف | Sheets | C7: 1) المناطق Regions: الرموز الإحصائية ورموز ISO والعواصم. 2) المحافظات Governorates: بالعربية والإنجليزية مع الفئة والرمز. 3) المراكز Centers: كل مركز مرتبطاً بمحافظته ومنطقته. 4) المراجع References: المصادر الرسمية وروابط بيانات الحدود الجغرافية (GeoJSON/Shapefiles).
B8: الرموز | Coding | C8: رمز المنطقة (1–13) وفق ترتيب الهيئة العامة للإحصاء. رمز المحافظة = رمز المنطقة + تسلسل (مثال: 0101 = الرياض/الرياض). رمز المركز = رمز المحافظة + تسلسل (0104-003). هذه الرموز داخلية للربط بين الأوراق ويمكن استبدالها بترميز المركز الوطني للسجلات (NCAR) عند الاعتماد النهائي.
B9: ملاحظات للفريق التقني | Notes for the tech team | C9: • المدن الرئيسية ليست مستوى إدارياً مستقلاً؛ فكل محافظة تُسمّى باسم مدينتها/حاضرتها، وعواصم المناطق مدرجة في ورقة المناطق. • أسماء المراكز واردة بالعربية فقط (المصدر الرسمي عربي)؛ للمطابقة الجغرافية استخدموا الاسم العربي. • للحدود المكانية (Polygons) استخدموا مصادر الحدود في ورقة المراجع (المستوى Admin1 = المناطق، Admin2 = المحافظات).
B10: تنبيهات دقة | Data caveats | C10: • عدد المحافظات يتغير بأوامر ملكية (118 ← 136 عام 2012 ← 150 حالياً)؛ أُدرجت المحافظات المستحدثة (مثل: العديد، تنومة، الحرجه، الأمواه، بحرة). • وردت "بحرة" في المصدر كمركز رغم ترقيتها محافظةً — صُحّح تصنيفها هنا. • وردت "الأمواه" في المصدر بإملاء "الا مواه". • يُنصح بمطابقة نهائية مع دليل ترميز NCAR وبوابة وزارة الداخلية قبل الإطلاق.
B11: آخر تحديث | Last updated | C11: 07 يوليو 2026 — أعدّته أميرة خليل بالاستناد إلى المصادر المدرجة في ورقة المراجع.

Sheet المناطق Regions
A1: رمز المنطقة Region Code | B1: المنطقة Region (AR) | C1: Region (EN) | D1: رمز ISO 3166-2 | E1: عاصمة المنطقة (مقر الإمارة) Capital (AR) | F1: Capital (EN) | G1: عدد المحافظات Governorates | H1: عدد المراكز Centers | I1: إجمالي الوحدات Total
A2: 1 | B2: الرياض | C2: Riyadh | D2: SA-01 | E2: الرياض | F2: Riyadh | G2: =COUNTIF('المحافظات Governorates'!C:C,B2) -> 23 | H2: =COUNTIF('المراكز Centers'!C:C,B2) -> 417 | I2: =G2+H2 -> 440
A3: 2 | B3: مكة المكرمة | C3: Makkah Al-Mukarramah | D3: SA-02 | E3: مكة المكرمة | F3: Makkah | G3: =COUNTIF('المحافظات Governorates'!C:C,B3) -> 17 | H3: =COUNTIF('المراكز Centers'!C:C,B3) -> 126 | I3: =G3+H3 -> 143
A4: 3 | B4: المدينة المنورة | C4: Madinah Al-Munawwarah | D4: SA-03 | E4: المدينة المنورة | F4: Madinah | G4: =COUNTIF('المحافظات Governorates'!C:C,B4) -> 9 | H4: =COUNTIF('المراكز Centers'!C:C,B4) -> 102 | I4: =G4+H4 -> 111
A5: 4 | B5: القصيم | C5: Al-Qassim | D5: SA-05 | E5: بريدة | F5: Buraydah | G5: =COUNTIF('المحافظات Governorates'!C:C,B5) -> 13 | H5: =COUNTIF('المراكز Centers'!C:C,B5) -> 141 | I5: =G5+H5 -> 154
A6: 5 | B6: المنطقة الشرقية | C6: Eastern Province | D6: SA-04 | E6: الدمام | F6: Dammam | G6: =COUNTIF('المحافظات Governorates'!C:C,B6) -> 12 | H6: =COUNTIF('المراكز Centers'!C:C,B6) -> 111 | I6: =G6+H6 -> 123
A7: 6 | B7: عسير | C7: Aseer | D7: SA-14 | E7: أبها | F7: Abha | G7: =COUNTIF('المحافظات Governorates'!C:C,B7) -> 18 | H7: =COUNTIF('المراكز Centers'!C:C,B7) -> 122 | I7: =G7+H7 -> 140
A8: 7 | B8: تبوك | C8: Tabuk | D8: SA-07 | E8: تبوك | F8: Tabuk | G8: =COUNTIF('المحافظات Governorates'!C:C,B8) -> 7 | H8: =COUNTIF('المراكز Centers'!C:C,B8) -> 85 | I8: =G8+H8 -> 92
A9: 8 | B9: حائل | C9: Hail | D9: SA-06 | E9: حائل | F9: Hail | G9: =COUNTIF('المحافظات Governorates'!C:C,B9) -> 9 | H9: =COUNTIF('المراكز Centers'!C:C,B9) -> 107 | I9: =G9+H9 -> 116
A10: 9 | B10: الحدود الشمالية | C10: Northern Borders | D10: SA-08 | E10: عرعر | F10: Arar | G10: =COUNTIF('المحافظات Governorates'!C:C,B10) -> 4 | H10: =COUNTIF('المراكز Centers'!C:C,B10) -> 28 | I10: =G10+H10 -> 32
A11: 10 | B11: جازان | C11: Jazan | D11: SA-09 | E11: جازان | F11: Jazan | G11: =COUNTIF('المحافظات Governorates'!C:C,B11) -> 17 | H11: =COUNTIF('المراكز Centers'!C:C,B11) -> 39 | I11: =G11+H11 -> 56
A12: 11 | B12: نجران | C12: Najran | D12: SA-10 | E12: نجران | F12: Najran | G12: =COUNTIF('المحافظات Governorates'!C:C,B12) -> 7 | H12: =COUNTIF('المراكز Centers'!C:C,B12) -> 51 | I12: =G12+H12 -> 58
A13: 12 | B13: الباحة | C13: Al-Baha | D13: SA-11 | E13: الباحة | F13: Al-Baha | G13: =COUNTIF('المحافظات Governorates'!C:C,B13) -> 10 | H13: =COUNTIF('المراكز Centers'!C:C,B13) -> 42 | I13: =G13+H13 -> 52
A14: 13 | B14: الجوف | C14: Al-Jouf | D14: SA-12 | E14: سكاكا | F14: Sakaka | G14: =COUNTIF('المحافظات Governorates'!C:C,B14) -> 4 | H14: =COUNTIF('المراكز Centers'!C:C,B14) -> 33 | I14: =G14+H14 -> 37
B15: الإجمالي Total | G15: =SUM(G2:G14) -> 150 | H15: =SUM(H2:H14) -> 1404 | I15: =SUM(I2:I14) -> 1554

Sheet المحافظات Governorates
A1: رمز المحافظة Gov Code | B1: رمز المنطقة Region Code | C1: المنطقة Region (AR) | D1: المحافظة Governorate (AR) | E1: Governorate (EN) | F1: الفئة Category (AR) | G1: Category (EN) | H1: عدد المراكز التابعة No. of Centers | I1: ملاحظات Notes | J1: خط العرض (عاصمة المحافظة) Latitude (Gov. capital) | K1: خط الطول (عاصمة المحافظة) Longitude (Gov. capital) | L1: المصدر Source
A2: 0101 | B2: 1 | C2: الرياض | D2: الرياض | E2: Riyadh | F2: أمانة (عاصمة المنطقة) | G2: Amanah (Region capital) | H2: =COUNTIF('المراكز Centers'!D:D,A2) -> 6 | J2: 24.7136 | K2: 46.6753 | L2: Well-established public coordinate for Riyadh city center
A3: 0102 | B3: 1 | C3: الرياض | D3: الدرعيه | E3: Ad-Diriyah | F3: فئة (أ) | G3: Category A | H3: =COUNTIF('المراكز Centers'!D:D,A3) -> 6
A4: 0103 | B4: 1 | C4: الرياض | D4: الخرج | E4: Al-Kharj | F4: فئة (أ) | G4: Category A | H4: =COUNTIF('المراكز Centers'!D:D,A4) -> 20
A5: 0104 | B5: 1 | C5: الرياض | D5: الدوادمى | E5: Ad-Dawadmi | F5: فئة (أ) | G5: Category A | H5: =COUNTIF('المراكز Centers'!D:D,A5) -> 104 | J5: 24.50772 | K5: 44.39237 | L5: Verified via web search, Aug 2026 (Wikipedia/GeoNames-derived) - town center, not markaz boundary
A6: 0105 | B6: 1 | C6: الرياض | D6: المجمعه | E6: Al-Majma'ah | F6: فئة (أ) | G6: Category A | H6: =COUNTIF('المراكز Centers'!D:D,A6) -> 36
A7: 0106 | B7: 1 | C7: الرياض | D7: القويعيه | E7: Al-Quwayiyah | F7: فئة (أ) | G7: Category A | H7: =COUNTIF('المراكز Centers'!D:D,A7) -> 48
A8: 0107 | B8: 1 | C8: الرياض | D8: وادى الدواسر | E8: Wadi Ad-Dawasir | F8: فئة (أ) | G8: Category A | H8: =COUNTIF('المراكز Centers'!D:D,A8) -> 9
A9: 0108 | B9: 1 | C9: الرياض | D9: الافلاج | E9: Al-Aflaj | F9: فئة (أ) | G9: Category A | H9: =COUNTIF('المراكز Centers'!D:D,A9) -> 28
A10: 0109 | B10: 1 | C10: الرياض | D10: الزلفى | E10: Az-Zulfi | F10: فئة (أ) | G10: Category A | H10: =COUNTIF('المراكز Centers'!D:D,A10) -> 5
A11: 0110 | B11: 1 | C11: الرياض | D11: شقراء | E11: Shaqra | F11: فئة (أ) | G11: Category A | H11: =COUNTIF('المراكز Centers'!D:D,A11) -> 11
A12: 0111 | B12: 1 | C12: الرياض | D12: حوطه بنى تميم | E12: Hotat Bani Tamim | F12: فئة (أ) | G12: Category A | H12: =COUNTIF('المراكز Centers'!D:D,A12) -> 8
A13: 0112 | B13: 1 | C13: الرياض | D13: عفيف | E13: Afif | F13: فئة (أ) | G13: Category A | H13: =COUNTIF('المراكز Centers'!D:D,A13) -> 31
A14: 0113 | B14: 1 | C14: الرياض | D14: السليل | E14: As-Sulayyil | F14: فئة (ب) | G14: Category B | H14: =COUNTIF('المراكز Centers'!D:D,A14) -> 4
A15: 0114 | B15: 1 | C15: الرياض | D15: ضرما | E15: Dhurma | F15: فئة (ب) | G15: Category B | H15: =COUNTIF('المراكز Centers'!D:D,A15) -> 7
A16: 0115 | B16: 1 | C16: الرياض | D16: المزاحميه | E16: Al-Muzahimiyah | F16: فئة (ب) | G16: Category B | H16: =COUNTIF('المراكز Centers'!D:D,A16) -> 8
A17: 0116 | B17: 1 | C17: الرياض | D17: رماح | E17: Rumah | F17: فئة (ب) | G17: Category B | H17: =COUNTIF('المراكز Centers'!D:D,A17) -> 10
... A22: 0121 | B22: 1 | C22: الرياض | D22: مرات | E22: Marat | F22: فئة (ب) | G22: Category B | H22: =COUNTIF('المراكز Centers'!D:D,A22) -> 4
A23: 0122 | B23: 1 | C23: الرياض | D23: الدلم | E23: Ad-Dilam | F23: فئة (ب) | G23: Category B | H23: =COUNTIF('المراكز Centers'!D:D,A23) -> 7 | I23: محافظة مستحدثة (رُقّيت من مركز)
A24: 0123 | B24: 1 | C24: الرياض | D24: الرين | E24: Ar-Rayn | F24: فئة (ب) | G24: Category B | H24: =COUNTIF('المراكز Centers'!D:D,A24) -> 42 | I24: محافظة مستحدثة (رُقّيت من مركز)
A25: 0201 | B25: 2 | C25: مكة المكرمة | D25: مكة المكرمة | E25: Makkah Al-Mukarramah | F25: أمانة (عاصمة المنطقة) | G25: Amanah (Region capital) | H25: =COUNTIF('المراكز Centers'!D:D,A25) -> 6 | J25: 21.42664 | K25: 39.82563 | L25: Verified via web search, Aug 2026 (geodatos.net/Wikipedia)
A26: 0202 | B26: 2 | C26: مكة المكرمة | D26: جدة | E26: Jeddah | F26: فئة (أ) | G26: Category A | H26: =COUNTIF('المراكز Centers'!D:D,A26) -> 1 | J26: 21.54333 | K26: 39.17278 | L26: Verified via web search, Aug 2026 (Wikipedia infobox)
A27: 0203 | B27: 2 | C27: مكة المكرمة | D27: الطائف | E27: Taif | F27: فئة (أ) | G27: Category A | H27: =COUNTIF('المراكز Centers'!D:D,A27) -> 18
A28: 0204 | B28: 2 | C28: مكة المكرمة | D28: القنفذه | E28: Al-Qunfudhah | F28: فئة (أ) | G28: Category A | H28: =COUNTIF('المراكز Centers'!D:D,A28) -> 9
A29: 0205 | B29: 2 | C29: مكة المكرمة | D29: الليث | E29: Al-Lith | F29: فئة (أ) | G29: Category A | H29: =COUNTIF('المراكز Centers'!D:D,A29) -> 11
A30: 0206 | B30: 2 | C30: مكة المكرمة | D30: رابغ | E30: Rabigh | F30: فئة (أ) | G30: Category A | H30: =COUNTIF('المراكز Centers'!D:D,A30) -> 6
A31: 0207 | B31: 2 | C31: مكة المكرمة | D31: الجموم | E31: Al-Jumum | F31: فئة (ب) | G31: Category B | H31: =COUNTIF('المراكز Centers'!D:D,A31) -> 8
A32: 0208 | B32: 2 | C32: مكة المكرمة | D32: خليص | E32: Khulais | F32: فئة (أ) | G32: Category A | H32: =COUNTIF('المراكز Centers'!D:D,A32) -> 9
A33: 0209 | B33: 2 | C33: مكة المكرمة | D33: الكامل | E33: Al-Kamil | F33: فئة (ب) | G33: Category B | H33: =COUNTIF('المراكز Centers'!D:D,A33) -> 4
A34: 0210 | B34: 2 | C34: مكة المكرمة | D34: الخرمة | E34: Al-Khurmah | F34: فئة (أ) | G34: Category A | H34: =COUNTIF('المراكز Centers'!D:D,A34) -> 3
A35: 0211 | B35: 2 | C35: مكة المكرمة | D35: رنيه | E35: Ranyah | F35: فئة (أ) | G35: Category A | H35: =COUNTIF('المراكز Centers'!D:D,A35) -> 7
A36: 0212 | B36: 2 | C36: مكة المكرمة | D36: تربه | E36: Turbah | F36: فئة (أ) | G36: Category A | H36: =COUNTIF('المراكز Centers'!D:D,A36) -> 9
A37: 0213 | B37: 2 | C37: مكة المكرمة | D37: بحرة | E37: Bahrah | F37: فئة (ب) | G37: Category B | H37: =COUNTIF('المراكز Centers'!D:D,A37) -> 4 | I37: مستحدثة؛ وردت في المصدر كمركز وصُحّح تصنيفها محافظة
A38: 0214 | B38: 2 | C38: مكة المكرمة | D38: المويه | E38: Al-Muwayh | F38: فئة (ب) | G38: Category B | H38: =COUNTIF('المراكز Centers'!D:D,A38) -> 17
A39: 0215 | B39: 2 | C39: مكة المكرمة | D39: ميسان | E39: Maysan | F39: فئة (ب) | G39: Category B | H39: =COUNTIF('المراكز Centers'!D:D,A39) -> 6
A40: 0216 | B40: 2 | C40: مكة المكرمة | D40: العرضيات | E40: Al-Ardiyat | F40: فئة (ب) | G40: Category B | H40: =COUNTIF('المراكز Centers'!D:D,A40) -> 4
A41: 0217 | B41: 2 | C41: مكة المكرمة | D41: أضم | E41: Adham | F41: فئة (ب) | G41: Category B | H41: =COUNTIF('المراكز Centers'!D:D,A41) -> 4
A42: 0301 | B42: 3 | C42: المدينة المنورة | D42: المدينة المنورة | E42: Madinah Al-Munawwarah | F42: أمانة (عاصمة المنطقة) | G42: Amanah (Region capital) | H42: =COUNTIF('المراكز Centers'!D:D,A42) -> 16 | J42: 24.47 | K42: 39.61 | L42: Verified via web search, Aug 2026 (Wikipedia infobox)
A43: 0302 | B43: 3 | C43: المدينة المنورة | D43: ينبع | E43: Yanbu | F43: فئة (أ) | G43: Category A | H43: =COUNTIF('المراكز Centers'!D:D,A43) -> 11
A44: 0303 | B44: 3 | C44: المدينة المنورة | D44: العلا | E44: AlUla | F44: فئة (أ) | G44: Category A | H44: =COUNTIF('المراكز Centers'!D:D,A44) -> 12
A45: 0304 | B45: 3 | C45: المدينة المنورة | D45: المهد | E45: Mahd Adh-Dhahab | F45: فئة (أ) | G45: Category A | H45: =COUNTIF('المراكز Centers'!D:D,A45) -> 18
A46: 0305 | B46: 3 | C46: المدينة المنورة | D46: بدر | E46: Badr | F46: فئة (ب) | G46: Category B | H46: =COUNTIF('المراكز Centers'!D:D,A46) -> 8
A47: 0306 | B47: 3 | C47: المدينة المنورة | D47: خيبر | E47: Khaybar | F47: فئة (ب) | G47: Category B | H47: =COUNTIF('المراكز Centers'!D:D,A47) -> 9
A48: 0307 | B48: 3 | C48: المدينة المنورة | D48: الحناكيه | E48: Al-Hanakiyah | F48: فئة (أ) | G48: Category A | H48: =COUNTIF('المراكز Centers'!D:D,A48) -> 10
A49: 0308 | B49: 3 | C49: المدينة المنورة | D49: وادي الفرع | E49: Wadi Al-Fara' | F49: فئة (ب) | G49: Category B | H49: =COUNTIF('المراكز Centers'!D:D,A49) -> 8
A50: 0309 | B50: 3 | C50: المدينة المنورة | D50: العيص | E50: Al-Ais | F50: فئة (ب) | G50: Category B | H50: =COUNTIF('المراكز Centers'!D:D,A50) -> 10
A51: 0401 | B51: 4 | C51: القصيم | D51: بريده | E51: Buraydah | F51: أمانة (عاصمة المنطقة) | G51: Amanah (Region capital) | H51: =COUNTIF('المراكز Centers'!D:D,A51) -> 27 | J51: 26.326 | K51: 43.975 | L51: Verified via web search, Aug 2026 (Wikipedia infobox, ~26.333,43.967)
A52: 0402 | B52: 4 | C52: القصيم | D52: عنيزه | E52: Unayzah | F52: فئة (أ) | G52: Category A | H52: =COUNTIF('المراكز Centers'!D:D,A52) -> 4
A53: 0403 | B53: 4 | C53: القصيم | D53: الرس | E53: Ar-Rass | F53: فئة (أ) | G53: Category A | H53: =COUNTIF('المراكز Centers'!D:D,A53) -> 6
A54: 0404 | B54: 4 | C54: القصيم | D54: المذنب | E54: Al-Mithnab | F54: فئة (أ) | G54: Category A | H54: =COUNTIF('المراكز Centers'!D:D,A54) -> 7
A55: 0405 | B55: 4 | C55: القصيم | D55: البكيريه | E55: Al-Bukayriyah | F55: فئة (أ) | G55: Category A | H55: =COUNTIF('المراكز Centers'!D:D,A55) -> 10
A56: 0406 | B56: 4 | C56: القصيم | D56: البدائع | E56: Al-Badai | F56: فئة (أ) | G56: Category A | H56: =COUNTIF('المراكز Centers'!D:D,A56) -> 4
A57: 0407 | B57: 4 | C57: القصيم | D57: الأسياح | E57: Al-Asyah | F57: فئة (ب) | G57: Category B | H57: =COUNTIF('المراكز Centers'!D:D,A57) -> 11
A58: 0408 | B58: 4 | C58: القصيم | D58: النبهانيه | E58: An-Nabhaniyah | F58: فئة (ب) | G58: Category B | H58: =COUNTIF('المراكز Centers'!D:D,A58) -> 32
A59: 0409 | B59: 4 | C59: القصيم | D59: عيون الجواء | E59: Uyun Al-Jiwa | F59: فئة (ب) | G59: Category B | H59: =COUNTIF('المراكز Centers'!D:D,A59) -> 8
A60: 0410 | B60: 4 | C60: القصيم | D60: رياض الخبراء | E60: Riyadh Al-Khabra | F60: فئة (ب) | G60: Category B | H60: =COUNTIF('المراكز Centers'!D:D,A60) -> 4
A61: 0411 | B61: 4 | C61: القصيم | D61: الشماسيه | E61: Ash-Shimasiyah | F61: فئة (ب) | G61: Category B | H61: =COUNTIF('المراكز Centers'!D:D,A61) -> 2
A62: 0412 | B62: 4 | C62: القصيم | D62: عقلة الصقور | E62: Uqlat As-Suqur | F62: فئة (ب) | G62: Category B | H62: =COUNTIF('المراكز Centers'!D:D,A62) -> 13
A63: 0413 | B63: 4 | C63: القصيم | D63: ضريه | E63: Dhariyah | F63: فئة (ب) | G63: Category B | H63: =COUNTIF('المراكز Centers'!D:D,A63) -> 13
A64: 0501 | B64: 5 | C64: المنطقة الشرقية | D64: الدمام | E64: Dammam | F64: أمانة (عاصمة المنطقة) | G64: Amanah (Region capital) | H64: =COUNTIF('المراكز Centers'!D:D,A64) -> 3 | J64: 26.433 | K64: 50.1 | L64: Verified via web search, Aug 2026 (Wikipedia infobox)
A65: 0502 | B65: 5 | C65: المنطقة الشرقية | D65: الاحساء | E65: Al-Ahsa | F65: فئة (أ) | G65: Category A | H65: =COUNTIF('المراكز Centers'!D:D,A65) -> 22
A66: 0503 | B66: 5 | C66: المنطقة الشرقية | D66: حفر الباطن | E66: Hafr Al-Batin | F66: فئة (أ) | G66: Category A | H66: =COUNTIF('المراكز Centers'!D:D,A66) -> 16
A67: 0504 | B67: 5 | C67: المنطقة الشرقية | D67: الجبيل | E67: Jubail | F67: فئة (أ) | G67: Category A | H67: =COUNTIF('المراكز Centers'!D:D,A67) -> 3
A68: 0505 | B68: 5 | C68: المنطقة الشرقية | D68: القطيف | E68: Qatif | F68: فئة (أ) | G68: Category A | H68: =COUNTIF('المراكز Centers'!D:D,A68) -> 4
A69: 0506 | B69: 5 | C69: المنطقة الشرقية | D69: الخبر | E69: Khobar | F69: فئة (أ) | G69: Category A | H69: =COUNTIF('المراكز Centers'!D:D,A69) -> 1
A70: 0507 | B70: 5 | C70: المنطقة الشرقية | D70: الخفجي | E70: Khafji | F70: فئة (أ) | G70: Category A | H70: =COUNTIF('المراكز Centers'!D:D,A70) -> 2
A71: 0508 | B71: 5 | C71: المنطقة الشرقية | D71: رأس تنوره | E71: Ras Tanura | F71: فئة (ب) | G71: Category B | H71: =COUNTIF('المراكز Centers'!D:D,A71) -> 0
A72: 0509 | B72: 5 | C72: المنطقة الشرقية | D72: بقيق | E72: Buqayq (Abqaiq) | F72: فئة (ب) | G72: Category B | H72: =COUNTIF('المراكز Centers'!D:D,A72) -> 10
A73: 0510 | B73: 5 | C73: المنطقة الشرقية | D73: النعيريه | E73: An-Nuayriyah | F73: فئة (ب) | G73: Category B | H73: =COUNTIF('المراكز Centers'!D:D,A73) -> 24
A74: 0511 | B74: 5 | C74: المنطقة الشرقية | D74: قريه العليا | E74: Qaryat Al-Ulya | F74: فئة (ب) | G74: Category B | H74: =COUNTIF('المراكز Centers'!D:D,A74) -> 21
A75: 0512 | B75: 5 | C75: المنطقة الشرقية | D75: العديد | E75: Al-Udayd | F75: فئة (أ) | G75: Category A | H75: =COUNTIF('المراكز Centers'!D:D,A75) -> 5 | I75: محافظة مستحدثة
A76: 0601 | B76: 6 | C76: عسير | D76: ابها | E76: Abha | F76: أمانة (عاصمة المنطقة) | G76: Amanah (Region capital) | H76: =COUNTIF('المراكز Centers'!D:D,A76) -> 18 | J76: 18.21694 | K76: 42.50528 | L76: Verified via web search, Aug 2026 (Wikipedia infobox)
A77: 0602 | B77: 6 | C77: عسير | D77: خميس مشيط | E77: Khamis Mushait | F77: فئة (أ) | G77: Category A | H77: =COUNTIF('المراكز Centers'!D:D,A77) -> 8
A78: 0603 | B78: 6 | C78: عسير | D78: بيشه | E78: Bishah | F78: فئة (أ) | G78: Category A | H78: =COUNTIF('المراكز Centers'!D:D,A78) -> 16
A79: 0604 | B79: 6 | C79: عسير | D79: النماص | E79: An-Namas | F79: فئة (أ) | G79: Category A | H79: =COUNTIF('المراكز Centers'!D:D,A79) -> 3
A80: 0605 | B80: 6 | C80: عسير | D80: محايل | E80: Muhayil Asir | F80: فئة (أ) | G80: Category A | H80: =COUNTIF('المراكز Centers'!D:D,A80) -> 9
A81: 0606 | B81: 6 | C81: عسير | D81: سراة عبيده | E81: Sarat Abidah | F81: فئة (ب) | G81: Category B | H81: =COUNTIF('المراكز Centers'!D:D,A81) -> 10
A82: 0607 | B82: 6 | C82: عسير | D82: تثليث | E82: Tathlith | F82: فئة (أ) | G82: Category A | H82: =COUNTIF('المراكز Centers'!D:D,A82) -> 15
A83: 0608 | B83: 6 | C83: عسير | D83: الأمواه | E83: Al-Amwah | F83: فئة (ب) | G83: Category B | H83: =COUNTIF('المراكز Centers'!D:D,A83) -> 0 | I83: الاسم الصحيح: الأمواه (إملاء المصدر: الا مواه)
A84: 0609 | B84: 6 | C84: عسير | D84: رجال المع | E84: Rijal Almaa | F84: فئة (ب) | G84: Category B | H84: =COUNTIF('المراكز Centers'!D:D,A84) -> 5
A85: 0610 | B85: 6 | C85: عسير | D85: احد رفيده | E85: Ahad Rufaydah | F85: فئة (ب) | G85: Category B | H85: =COUNTIF('المراكز Centers'!D:D,A85) -> 3
A86: 0611 | B86: 6 | C86: عسير | D86: ظهران الجنوب | E86: Dhahran Al-Janub | F86: فئة (أ) | G86: Category A | H86: =COUNTIF('المراكز Centers'!D:D,A86) -> 9
A87: 0612 | B87: 6 | C87: عسير | D87: بالقرن | E87: Balqarn | F87: فئة (ب) | G87: Category B | H87: =COUNTIF('المراكز Centers'!D:D,A87) -> 9
A88: 0613 | B88: 6 | C88: عسير | D88: المجارده | E88: Al-Majaridah | F88: فئة (ب) | G88: Category B | H88: =COUNTIF('المراكز Centers'!D:D,A88) -> 5
A89: 0614 | B89: 6 | C89: عسير | D89: طريب | E89: Tarib | F89: فئة (ب) | G89: Category B | H89: =COUNTIF('المراكز Centers'!D:D,A89) -> 6
A90: 0615 | B90: 6 | C90: عسير | D90: البرك | E90: Al-Birk | F90: فئة (ب) | G90: Category B | H90: =COUNTIF('المراكز Centers'!D:D,A90) -> 3
A91: 0616 | B91: 6 | C91: عسير | D91: بارق | E91: Bariq | F91: فئة (ب) | G91: Category B | H91: =COUNTIF('المراكز Centers'!D:D,A91) -> 2
A92: 0617 | B92: 6 | C92: عسير | D92: تنومة | E92: Tanumah | F92: فئة (ب) | G92: Category B | H92: =COUNTIF('المراكز Centers'!D:D,A92) -> 1 | I92: محافظة مستحدثة
A93: 0618 | B93: 6 | C93: عسير | D93: الحرجه | E93: Al-Harajah | F93: فئة (ب) | G93: Category B | H93: =COUNTIF('المراكز Centers'!D:D,A93) -> 0 | I93: محافظة مستحدثة
A94: 0701 | B94: 7 | C94: تبوك | D94: تبوك | E94: Tabuk | F94: أمانة (عاصمة المنطقة) | G94: Amanah (Region capital) | H94: =COUNTIF('المراكز Centers'!D:D,A94) -> 19 | J94: 28.39722 | K94: 36.57889 | L94: Verified via web search, Aug 2026 (Wikipedia infobox)
A95: 0702 | B95: 7 | C95: تبوك | D95: الوجه | E95: Al-Wajh | F95: فئة (أ) | G95: Category A | H95: =COUNTIF('المراكز Centers'!D:D,A95) -> 14
A96: 0703 | B96: 7 | C96: تبوك | D96: ضباء | E96: Duba | F96: فئة (أ) | G96: Category A | H96: =COUNTIF('المراكز Centers'!D:D,A96) -> 15
A97: 0704 | B97: 7 | C97: تبوك | D97: تيماء | E97: Tayma | F97: فئة (أ) | G97: Category A | H97: =COUNTIF('المراكز Centers'!D:D,A97) -> 12
A98: 0705 | B98: 7 | C98: تبوك | D98: املج | E98: Umluj | F98: فئة (أ) | G98: Category A | H98: =COUNTIF('المراكز Centers'!D:D,A98) -> 15
A99: 0706 | B99: 7 | C99: تبوك | D99: حقل | E99: Haql | F99: فئة (ب) | G99: Category B | H99: =COUNTIF('المراكز Centers'!D:D,A99) -> 6
A100: 0707 | B100: 7 | C100: تبوك | D100: البدع | E100: Al-Bada' | F100: فئة (ب) | G100: Category B | H100: =COUNTIF('المراكز Centers'!D:D,A100) -> 4
A101: 0801 | B101: 8 | C101: حائل | D101: حائل | E101: Hail | F101: أمانة (عاصمة المنطقة) | G101: Amanah (Region capital) | H101: =COUNTIF('المراكز Centers'!D:D,A101) -> 15 | J101: 27.5167 | K101: 41.6833 | L101: Verified via web search, Aug 2026 (Wikipedia/GeoNames-derived)
A102: 0802 | B102: 8 | C102: حائل | D102: بقعاء | E102: Baqaa | F102: فئة (أ) | G102: Category A | H102: =COUNTIF('المراكز Centers'!D:D,A102) -> 14
A103: 0803 | B103: 8 | C103: حائل | D103: الغزاله | E103: Al-Ghazalah | F103: فئة (ب) | G103: Category B | H103: =COUNTIF('المراكز Centers'!D:D,A103) -> 6
A104: 0804 | B104: 8 | C104: حائل | D104: الشنان | E104: Ash-Shinan | F104: فئة (ب) | G104: Category B | H104: =COUNTIF('المراكز Centers'!D:D,A104) -> 14
...

Sheet المراكز Centers
A1: رمز المركز Center Code | B1: رمز المنطقة Region Code | C1: المنطقة Region (AR) | D1: رمز المحافظة Gov Code | E1: المحافظة التابع لها Parent Governorate (AR) | F1: المركز Center (AR) | G1: فئة المركز Center Category | H1: المحافظة Governorate (EN) | I1: المنطقة Region (EN) | J1: استعلام الترميز الجغرافي Geocoding Query | K1: خط العرض Latitude | L1: خط الطول Longitude | M1: نصف القطر (متر) Radius (m) | N1: حالة الترميز الجغرافي Geocode Status
A2: 0101-001 | B2: 1 | C2: الرياض | D2: 0101 | E2: الرياض | F2: عرقه | G2: فئة (أ) | H2: =IFERROR(INDEX('المحافظات Governorates'!$E$2:$E$151,MATCH(D2,'المحافظات Governorates'!$A$2:$A$151,0)),"") -> Riyadh | I2: =IFERROR(INDEX('المناطق Regions'!$C$2:$C$15,MATCH(B2,'المناطق Regions'!$A$2:$A$15,0)),"") -> Riyadh | J2: =F2&", "&E2&", Saudi Arabia" -> عرقه, الرياض, Saudi Arabia | K2: 24.684146 | L2: 46.582611 | M2: 2000 | N2: geocoded
A3: 0101-002 | B3: 1 | C3: الرياض | D3: 0101 | E3: الرياض | F3: الحائر | G3: فئة (أ) | H3: =IFERROR(INDEX('المحافظات Governorates'!$E$2:$E$151,MATCH(D3,'المحافظات Governorates'!$A$2:$A$151,0)),"") -> Riyadh | I3: =IFERROR(INDEX('المناطق Regions'!$C$2:$C$15,MATCH(B3,'المناطق Regions'!$A$2:$A$15,0)),"") -> Riyadh | J3: =F3&", "&E3&", Saudi Arabia" -> الحائر, الرياض, Saudi Arabia | K3: 24.402222 | L3: 46.836667 | M3: 2000 | N3: geocoded
A4: 0101-003 | B4: 1 | C4: الرياض | D4: 0101 | E4: الرياض | F4: هيت | G4: فئة (أ) | H4: =IFERROR(INDEX('المحافظات Governorates'!$E$2:$E$151,MATCH(D4,'المحافظات Governorates'!$A$2:$A$151,0)),"") -> Riyadh | I4: =IFERROR(INDEX('المناطق Regions'!$C$2:$C$15,MATCH(B4,'المناطق Regions'!$A$2:$A$15,0)),"") -> Riyadh | J4: =F4&", "&E4&", Saudi Arabia" -> هيت, الرياض, Saudi Arabia | K4: 24.460556 | L4: 47.0025 | M4: 2000 | N4: geocoded
A5: 0101-004 | B5: 1 | C5: الرياض | D5: 0101 | E5: الرياض | F5: بنبان | G5: فئة (ب) | H5: =IFERROR(INDEX('المحافظات Governorates'!$E$2:$E$151,MATCH(D5,'المحافظات Governorates'!$A$2:$A$151,0)),"") -> Riyadh | I5: =IFERROR(INDEX('المناطق Regions'!$C$2:$C$15,MATCH(B5,'المناطق Regions'!$A$2:$A$15,0)),"") -> Riyadh | J5: =F5&", "&E5&", Saudi Arabia" -> بنبان, الرياض, Saudi Arabia | K5: 25.001667 | L5: 46.588056 | M5: 2000 | N5: geocoded
A6: 0101-005 | B6: 1 | C6: الرياض | D6: 0101 | E6: الرياض | F6: العماجية | G6: فئة (ب) | H6: =IFERROR(INDEX('المحافظات Governorates'!$E$2:$E$151,MATCH(D6,'المحافظات Governorates'!$A$2:$A$151,0)),"") -> Riyadh | I6: =IFERROR(INDEX('المناطق Regions'!$C$2:$C$15,MATCH(B6,'المناطق Regions'!$A$2:$A$15,0)),"") -> Riyadh | J6: =F6&", "&E6&", Saudi Arabia" -> العماجية, الرياض, Saudi Arabia | K6: 24.440166 | L6: 46.978746 | M6: 2000 | N6: geocoded
A7: 0101-006 | B7: 1 | C7: الرياض | D7: 0101 | E7: الرياض | F7: دبيان | G7: فئة (ب) | H7: =IFERROR(INDEX('المحافظات Governorates'!$E$2:$E$151,MATCH(D7,'المحافظات Governorates'!$A$2:$A$151,0)),"") -> Riyadh | I7: =IFERROR(INDEX('المناطق Regions'!$C$2:$C$15,MATCH(B7,'المناطق Regions'!$A$2:$A$15,0)),"") -> Riyadh | J7: =F7&", "&E7&", Saudi Arabia" -> دبيان, الرياض, Saudi Arabia | K7: 24.601468 | L7: 47.138515 | M7: 2000 | N7: geocoded
A8: 0102-001 | B8: 1 | C8: الرياض | D8: 0102 | E8: الدرعيه | F8: العيينة والجبيلة | G8: فئة (أ) | H8: =IFERROR(INDEX('المحافظات Governorates'!$E$2:$E$151,MATCH(D8,'المحافظات Governorates'!$A$2:$A$151,0)),"") -> Ad-Diriyah | I8: =IFERROR(INDEX('المناطق Regions'!$C$2:$C$15,MATCH(B8,'المناطق Regions'!$A$2:$A$15,0)),"") -> Riyadh | J8: =F8&", "&E8&", Saudi Arabia" -> العيينة والجبيلة, الدرعيه, Saudi Arabia | K8: 24.878069 | L8: 46.373483 | M8: 33712 | N8: approximate (governorate centre, ±34km)
A9: 0102-002 | B9: 1 | C9: الرياض | D9: 0102 | E9: الدرعيه | F9: العماريه | G9: فئة (أ) | H9: =IFERROR(INDEX('المحافظات Governorates'!$E$2:$E$151,MATCH(D9,'المحافظات Governorates'!$A$2:$A$151,0)),"") -> Ad-Diriyah | I9: =IFERROR(INDEX('المناطق Regions'!$C$2:$C$15,MATCH(B9,'المناطق Regions'!$A$2:$A$15,0)),"") -> Riyadh | J9: =F9&", "&E9&", Saudi Arabia" -> العماريه, الدرعيه, Saudi Arabia | K9: 24.794167 | L9: 46.423333 | M9: 2000 | N9: geocoded
A10: 0102-003 | B10: 1 | C10: الرياض | D10: 0102 | E10: الدرعيه | F10: بوضه | G10: فئة (ب) | H10: =IFERROR(INDEX('المحافظات Governorates'!$E$2:$E$151,MATCH(D10,'المحافظات Governorates'!$A$2:$A$151,0)),"") -> Ad-Diriyah | I10: =IFERROR(INDEX('المناطق Regions'!$C$2:$C$15,MATCH(B10,'المناطق Regions'!$A$2:$A$15,0)),"") -> Riyadh | J10: =F10&", "&E10&", Saudi Arabia" -> بوضه, الدرعيه, Saudi Arabia | K10: 24.898654 | L10: 46.299256 | M10: 2000 | N10: geocoded
A11: 0102-004 | B11: 1 | C11: الرياض | D11: 0102 | E11: الدرعيه | F11: سلطانة | G11: فئة (أ) | H11: =IFERROR(INDEX('المحافظات Governorates'!$E$2:$E$151,MATCH(D11,'المحافظات Governorates'!$A$2:$A$151,0)),"") -> Ad-Diriyah | I11: =IFERROR(INDEX('المناطق Regions'!$C$2:$C$15,MATCH(B11,'المناطق Regions'!$A$2:$A$15,0)),"") -> Riyadh | J11: =F11&", "&E11&", Saudi Arabia" -> سلطانة, الدرعيه, Saudi Arabia | K11: 24.878069 | L11: 46.373483 | M11: 33712 | N11: approximate (governorate centre, ±34km)
A12: 0102-005 | B12: 1 | C12: الرياض | D12: 0102 | E12: الدرعيه | F12: حزوى | G12: فئة (ب) | H12: =IFERROR(INDEX('المحافظات Governorates'!$E$2:$E$151,MATCH(D12,'المحافظات Governorates'!$A$2:$A$151,0)),"") -> Ad-Diriyah | I12: =IFERROR(INDEX('المناطق Regions'!$C$2:$C$15,MATCH(B12,'المناطق Regions'!$A$2:$A$15,0)),"") -> Riyadh | J12: =F12&", "&E12&", Saudi Arabia" -> حزوى, الدرعيه, Saudi Arabia | K12: 24.991605 | L12: 46.232075 | M12: 2000 | N12: geocoded
A13: 0102-006 | B13: 1 | C13: الرياض | D13: 0102 | E13: الدرعيه | F13: سدوس | G13: فئة (أ) | H13: =IFERROR(INDEX('المحافظات Governorates'!$E$2:$E$151,MATCH(D13,'المحافظات Governorates'!$A$2:$A$151,0)),"") -> Ad-Diriyah | I13: =IFERROR(INDEX('المناطق Regions'!$C$2:$C$15,MATCH(B13,'المناطق Regions'!$A$2:$A$15,0)),"") -> Riyadh | J13: =F13&", "&E13&", Saudi Arabia" -> سدوس, الدرعيه, Saudi Arabia | K13: 24.991667 | L13: 46.2075 | M13: 2000 | N13: geocoded
... A517: 0214-003 | B517: 2 | C517: مكة المكرمة | D517: 0214 | E517: المويه | F517: الحفر | G517: فئة (ب) | H517: =IFERROR(INDEX('المحافظات Governorates'!$E$2:$E$151,MATCH(D517,'المحافظات Governorates'!$A$2:$A$151,0)),"") -> Al-Muwayh | I517: =IFERROR(INDEX('المناطق Regions'!$C$2:$C$15,MATCH(B517,'المناطق Regions'!$A$2:$A$15,0)),"") -> Makkah Al-Mukarramah | J517: =F517&", "&E517&", Saudi Arabia" -> الحفر, المويه, Saudi Arabia | K517: 22.831667 | L517: 41.118889 | M517: 2000 | N517: geocoded (governorate not verifiable)
A518: 0214-004 | B518: 2 | C518: مكة المكرمة | D518: 0214 | E518: المويه | F518: دغيبجه | G518: فئة (ب) | H518: =IFERROR(INDEX('المحافظات Governorates'!$E$2:$E$151,MATCH(D518,'المحافظات Governorates'!$A$2:$A$151,0)),"") -> Al-Muwayh | I518: =IFERROR(INDEX('المناطق Regions'!$C$2:$C$15,MATCH(B518,'المناطق Regions'!$A$2:$A$15,0)),"") -> Makkah Al-Mukarramah | J518: =F518&", "&E518&", Saudi Arabia" -> دغيبجه, المويه, Saudi Arabia | N518: not found
A519: 0214-005 | B519: 2 | C519: مكة المكرمة | D519: 0214 | E519: المويه | F519: الراغيه | G519: فئة (ب) | H519: =IFERROR(INDEX('المحافظات Governorates'!$E$2:$E$151,MATCH(D519,'المحافظات Governorates'!$A$2:$A$151,0)),"") -> Al-Muwayh | I519: =IFERROR(INDEX('المناطق Regions'!$C$2:$C$15,MATCH(B519,'المناطق Regions'!$A$2:$A$15,0)),"") -> Makkah Al-Mukarramah | J519: =F519&", "&E519&", Saudi Arabia" -> الراغيه, المويه, Saudi Arabia | N519: not found
A520: 0214-006 | B520: 2 | C520: مكة المكرمة | D520: 0214 | E520: المويه | F520: مران | G520: فئة (ب) | H520: =IFERROR(INDEX('المحافظات Governorates'!$E$2:$E$151,MATCH(D520,'المحافظات Governorates'!$A$2:$A$151,0)),"") -> Al-Muwayh | I520: =IFERROR(INDEX('المناطق Regions'!$C$2:$C$15,MATCH(B520,'المناطق Regions'!$A$2:$A$15,0)),"") -> Makkah Al-Mukarramah | J520: =F520&", "&E520&", Saudi Arabia" -> مران, المويه, Saudi Arabia | K520: 22.63781 | L520: 41.381944 | M520: 2000 | N520: geocoded (governorate not verifiable)
A521: 0214-007 | B521: 2 | C521: مكة المكرمة | D521: 0214 | E521: المويه | F521: البحره | G521: فئة (ب) | H521: =IFERROR(INDEX('المحافظات Governorates'!$E$2:$E$151,MATCH(D521,'المحافظات Governorates'!$A$2:$A$151,0)),"") -> Al-Muwayh | I521: =IFERROR(INDEX('المناطق Regions'!$C$2:$C$15,MATCH(B521,'المناطق Regions'!$A$2:$A$15,0)),"") -> Makkah Al-Mukarramah | J521: =F521&", "&E521&", Saudi Arabia" -> البحره, المويه, Saudi Arabia | N521: not found
A522: 0214-008 | B522: 2 | C522: مكة المكرمة | D522: 0214 | E522: المويه | F522: الزربان | G522: فئة (أ) | H522: =IFERROR(INDEX('المحافظات Governorates'!$E$2:$E$151,MATCH(D522,'المحافظات Governorates'!$A$2:$A$151,0)),"") -> Al-Muwayh | I522: =IFERROR(INDEX('المناطق Regions'!$C$2:$C$15,MATCH(B522,'المناطق Regions'!$A$2:$A$15,0)),"") -> Makkah Al-Mukarramah | J522: =F522&", "&E522&", Saudi Arabia" -> الزربان, المويه, Saudi Arabia | K522: 22.819444 | L522: 41.145324 | M522: 2000 | N522: geocoded (governorate not verifiable)
A523: 0214-009 | B523: 2 | C523: مكة المكرمة | D523: 0214 | E523: المويه | F523: مشاش الطارف | G523: فئة (ب) | H523: =IFERROR(INDEX('المحافظات Governorates'!$E$2:$E$151,MATCH(D523,'المحافظات Governorates'!$A$2:$A$151,0)),"") -> Al-Muwayh | I523: =IFERROR(INDEX('المناطق Regions'!$C$2:$C$15,MATCH(B523,'المناطق Regions'!$A$2:$A$15,0)),"") -> Makkah Al-Mukarramah | J523: =F523&", "&E523&", Saudi Arabia" -> مشاش الطارف, المويه, Saudi Arabia | K523: 21.833217 | L523: 41.214867 | M523: 2000 | N523: geocoded (governorate not verifiable)
A524: 0214-010 | B524: 2 | C524: مكة المكرمة | D524: 0214 | E524: المويه | F524: الرفايع | G524: فئة (ب) | H524: =IFERROR(INDEX('المحافظات Governorates'!$E$2:$E$151,MATCH(D524,'المحافظات Governorates'!$A$2:$A$151,0)),"") -> Al-Muwayh | I524: =IFERROR(INDEX('المناطق Regions'!$C$2:$C$15,MATCH(B524,'المناطق Regions'!$A$2:$A$15,0)),"") -> Makkah Al-Mukarramah | J524: =F524&", "&E524&", Saudi Arabia" -> الرفايع, المويه, Saudi Arabia | K524: 23.384598 | L524: 41.404798 | M524: 2000 | N524: geocoded (governorate not verifiable)
A525: 0214-011 | B525: 2 | C525: مكة المكرمة | D525: 0214 | E525: المويه | F525: الرويليه الصهلوج | G525: فئة (ب) | H525: =IFERROR(INDEX('المحافظات Governorates'!$E$2:$E$151,MATCH(D525,'المحافظات Governorates'!$A$2:$A$151,0)),"") -> Al-Muwayh | I525: =IFERROR(INDEX('المناطق Regions'!$C$2:$C$15,MATCH(B525,'المناطق Regions'!$A$2:$A$15,0)),"") -> Makkah Al-Mukarramah | J525: =F525&", "&E525&", Saudi Arabia" -> الرويليه الصهلوج, المويه, Saudi Arabia | N525: not found
A526: 0214-012 | B526: 2 | C526: مكة المكرمة | D526: 0214 | E526: المويه | F526: ام الدوم | G526: فئة (أ) | H526: =IFERROR(INDEX('المحافظات Governorates'!$E$2:$E$151,MATCH(D526,'المحافظات Governorates'!$A$2:$A$151,0)),"") -> Al-Muwayh | I526: =IFERROR(INDEX('المناطق Regions'!$C$2:$C$15,MATCH(B526,'المناطق Regions'!$A$2:$A$15,0)),"") -> Makkah Al-Mukarramah | J526: =F526&", "&E526&", Saudi Arabia" -> ام الدوم, المويه, Saudi Arabia | K526: 22.62771 | L526: 41.353786 | M526: 2000 | N526: geocoded (governorate not verifiable)
A527: 0214-013 | B527: 2 | C527: مكة المكرمة | D527: 0214 | E527: المويه | F527: الركنه | G527: فئة (ب) | H527: =IFERROR(INDEX('المحافظات Governorates'!$E$2:$E$151,MATCH(D527,'المحافظات Governorates'!$A$2:$A$151,0)),"") -> Al-Muwayh | I527: =IFERROR(INDEX('المناطق Regions'!$C$2:$C$15,MATCH(B527,'المناطق Regions'!$A$2:$A$15,0)),"") -> Makkah Al-Mukarramah | J527: =F527&", "&E527&", Saudi Arabia" -> الركنه, المويه, Saudi Arabia | N527: not found
A528: 0214-014 | B528: 2 | C528: مكة المكرمة | D528: 0214 | E528: المويه | F528: العوالي | G528: فئة (ب) | H528: =IFERROR(INDEX('المحافظات Governorates'!$E$2:$E$151,MATCH(D528,'المحافظات Governorates'!$A$2:$A$151,0)),"") -> Al-Muwayh | I528: =IFERROR(INDEX('المناطق Regions'!$C$2:$C$15,MATCH(B528,'المناطق Regions'!$A$2:$A$15,0)),"") -> Makkah Al-Mukarramah | J528: =F528&", "&E528&", Saudi Arabia" -> العوالي, المويه, Saudi Arabia | K528: 22.81513 | L528: 41.131901 | M528: 2000 | N528: geocoded (governorate not verifiable)
A529: 0214-015 | B529: 2 | C529: مكة المكرمة | D529: 0214 | E529: المويه | F529: المزيرعه | G529: فئة (ب) | H529: =IFERROR(INDEX('المحافظات Governorates'!$E$2:$E$151,MATCH(D529,'المحافظات Governorates'!$A$2:$A$151,0)),"") -> Al-Muwayh | I529: =IFERROR(INDEX('المناطق Regions'!$C$2:$C$15,MATCH(B529,'المناطق Regions'!$A$2:$A$15,0)),"") -> Makkah Al-Mukarramah | J529: =F529&", "&E529&", Saudi Arabia" -> المزيرعه, المويه, Saudi Arabia | N529: not found
A530: 0214-016 | B530: 2 | C530: مكة المكرمة | D530: 0214 | E530: المويه | F530: النصائف | G530: فئة (ب) | H530: =IFERROR(INDEX('المحافظات Governorates'!$E$2:$E$151,MATCH(D530,'المحافظات Governorates'!$A$2:$A$151,0)),"") -> Al-Muwayh | I530: =IFERROR(INDEX('المناطق Regions'!$C$2:$C$15,MATCH(B530,'المناطق Regions'!$A$2:$A$15,0)),"") -> Makkah Al-Mukarramah | J530: =F530&", "&E530&", Saudi Arabia" -> النصائف, المويه, Saudi Arabia | K530: 23.093472 | L530: 41.808566 | M530: 2000 | N530: geocoded (governorate not verifiable)
A531: 0214-017 | B531: 2 | C531: مكة المكرمة | D531: 0214 | E531: المويه | F531: ملحه | G531: فئة (ب) | H531: =IFERROR(INDEX('المحافظات Governorates'!$E$2:$E$151,MATCH(D531,'المحافظات Governorates'!$A$2:$A$151,0)),"") -> Al-Muwayh | I531: =IFERROR(INDEX('المناطق Regions'!$C$2:$C$15,MATCH(B531,'المناطق Regions'!$A$2:$A$15,0)),"") -> Makkah Al-Mukarramah | J531: =F531&", "&E531&", Saudi Arabia" -> ملحه, المويه, Saudi Arabia | N531: not found
A532: 0215-001 | B532: 2 | C532: مكة المكرمة | D532: 0215 | E532: ميسان | F532: بني سعد | G532: فئة (أ) | H532: =IFERROR(INDEX('المحافظات Governorates'!$E$2:$E$151,MATCH(D532,'المحافظات Governorates'!$A$2:$A$151,0)),"") -> Maysan | I532: =IFERROR(INDEX('المناطق Regions'!$C$2:$C$15,MATCH(B532,'المناطق Regions'!$A$2:$A$15,0)),"") -> Makkah Al-Mukarramah | J532: =F532&", "&E532&", Saudi Arabia" -> بني سعد, ميسان, Saudi Arabia | K532: 20.946618 | L532: 40.809354 | M532: 2000 | N532: geocoded
A533: 0215-002 | B533: 2 | C533: مكة المكرمة | D533: 0215 | E533: ميسان | F533: القريع بني مالك | G533: فئة (أ) | H533: =IFERROR(INDEX('المحافظات Governorates'!$E$2:$E$151,MATCH(D533,'المحافظات Governorates'!$A$2:$A$151,0)),"") -> Maysan | I533: =IFERROR(INDEX('المناطق Regions'!$C$2:$C$15,MATCH(B533,'المناطق Regions'!$A$2:$A$15,0)),"") -> Makkah Al-Mukarramah | J533: =F533&", "&E533&", Saudi Arabia" -> القريع بني مالك, ميسان, Saudi Arabia | K533: 20.466674 | L533: 41.068731 | M533: 2000 | N533: geocoded
A534: 0215-003 | B534: 2 | C534: مكة المكرمة | D534: 0215 | E534: ميسان | F534: ثقيف | G534: فئة (أ) | H534: =IFERROR(INDEX('المحافظات Governorates'!$E$2:$E$151,MATCH(D534,'المحافظات Governorates'!$A$2:$A$151,0)),"") -> Maysan | I534: =IFERROR(INDEX('المناطق Regions'!$C$2:$C$15,MATCH(B534,'المناطق Regions'!$A$2:$A$15,0)),"") -> Makkah Al-Mukarramah | J534: =F534&", "&E534&", Saudi Arabia" -> ثقيف, ميسان, Saudi Arabia | K534: 20.831617 | L534: 41.025571 | M534: 76011 | N534: approximate (governorate centre, ±76km)
A535: 0215-004 | B535: 2 | C535: مكة المكرمة | D535: 0215 | E535: ميسان | F535: حداد بني مالك | G535: فئة (أ) | H535: =IFERROR(INDEX('المحافظات Governorates'!$E$2:$E$151,MATCH(D535,'المحافظات Governorates'!$A$2:$A$151,0)),"") -> Maysan | I535: =IFERROR(INDEX('المناطق Regions'!$C$2:$C$15,MATCH(B535,'المناطق Regions'!$A$2:$A$15,0)),"") -> Makkah Al-Mukarramah | J535: =F535&", "&E535&", Saudi Arabia" -> حداد بني مالك, ميسان, Saudi Arabia | K535: 20.59739 | L535: 41.050059 | M535: 2000 | N535: geocoded
A536: 0215-005 | B536: 2 | C536: مكة المكرمة | D536: 0215 | E536: ميسان | F536: ابوراكه | G536: فئة (أ) | H536: =IFERROR(INDEX('المحافظات Governorates'!$E$2:$E$151,MATCH(D536,'المحافظات Governorates'!$A$2:$A$151,0)),"") -> Maysan | I536: =IFERROR(INDEX('المناطق Regions'!$C$2:$C$15,MATCH(B536,'المناطق Regions'!$A$2:$A$15,0)),"") -> Makkah Al-Mukarramah | J536: =F536&", "&E536&", Saudi Arabia" -> ابوراكه, ميسان, Saudi Arabia | K536: 20.933994 | L536: 41.201434 | M536: 2000 | N536: geocoded
A537: 0215-006 | B537: 2 | C537: مكة المكرمة | D537: 0215 | E537: ميسان | F537: الصور | G537: فئة (ب) | H537: =IFERROR(INDEX('المحافظات Governorates'!$E$2:$E$151,MATCH(D537,'المحافظات Governorates'!$A$2:$A$151,0)),"") -> Maysan | I537: =IFERROR(INDEX('المناطق Regions'!$C$2:$C$15,MATCH(B537,'المناطق Regions'!$A$2:$A$15,0)),"") -> Makkah Al-Mukarramah | J537: =F537&", "&E537&", Saudi Arabia" -> الصور, ميسان, Saudi Arabia | K537: 20.881227 | L537: 40.981237 | M537: 2000 | N537: geocoded
A538: 0216-002 | B538: 2 | C538: مكة المكرمة | D538: 0216 | E538: العرضيات | F538: العرضيه الشماليه | G538: فئة (أ) | H538: =IFERROR(INDEX('المحافظات Governorates'!$E$2:$E$151,MATCH(D538,'المحافظات Governorates'!$A$2:$A$151,0)),"") -> Al-Ardiyat | I538: =IFERROR(INDEX('المناطق Regions'!$C$2:$C$15,MATCH(B538,'المناطق Regions'!$A$2:$A$15,0)),"") -> Makkah Al-Mukarramah | J538: =F538&", "&E538&", Saudi Arabia" -> العرضيه الشماليه, العرضيات, Saudi Arabia | K538: 19.424201 | L538: 41.716046 | M538: 43627 | N538: approximate (governorate centre, ±44km)
A539: 0216-003 | B539: 2 | C539: مكة المكرمة | D539: 0216 | E539: العرضيات | F539: العرضيه الجنوبية | G539: فئة (أ) | H539: =IFERROR(INDEX('المحافظات Governorates'!$E$2:$E$151,MATCH(D539,'المحافظات Governorates'!$A$2:$A$151,0)),"") -> Al-Ardiyat | I539: =IFERROR(INDEX('المناطق Regions'!$C$2:$C$15,MATCH(B539,'المناطق Regions'!$A$2:$A$15,0)),"") -> Makkah Al-Mukarramah | J539: =F539&", "&E539&", Saudi Arabia" -> العرضيه الجنوبية, العرضيات, Saudi Arabia | K539: 19.424201 | L539: 41.716046 | M539: 43627 | N539: approximate (governorate centre, ±44km)
A540: 0216-004 | B540: 2 | C540: مكة المكرمة | D540: 0216 | E540: العرضيات | F540: الويد | G540: فئة (ب) | H540: =IFERROR(INDEX('المحافظات Governorates'!$E$2:$E$151,MATCH(D540,'المحافظات Governorates'!$A$2:$A$151,0)),"") -> Al-Ardiyat | I540: =IFERROR(INDEX('المناطق Regions'!$C$2:$C$15,MATCH(B540,'المناطق Regions'!$A$2:$A$15,0)),"") -> Makkah Al-Mukarramah | J540: =F540&", "&E540&", Saudi Arabia" -> الويد, العرضيات, Saudi Arabia | K540: 19.424201 | L540: 41.716046 | M540: 43627 | N540: approximate (governorate centre, ±44km)
A541: 0217-001 | B541: 2 | C541: مكة المكرمة | D541: 0217 | E541: أضم | F541: سوق العين | G541: فئة (أ) | H541: =IFERROR(INDEX('المحافظات Governorates'!$E$2:$E$151,MATCH(D541,'المحافظات Governorates'!$A$2:$A$151,0)),"") -> Adham | I541: =IFERROR(INDEX('المناطق Regions'!$C$2:$C$15,MATCH(B541,'المناطق Regions'!$A$2:$A$15,0)),"") -> Makkah Al-Mukarramah | J541: =F541&", "&E541&", Saudi Arabia" -> سوق العين, أضم, Saudi Arabia | K541: 20.436175 | L541: 40.830231 | M541: 40000 | N541: approximate (governorate centre)
A542: 0217-002 | B542: 2 | C542: مكة المكرمة | D542: 0217 | E542: أضم | F542: الجائزه | G542: فئة (أ) | H542: =IFERROR(INDEX('المحافظات Governorates'!$E$2:$E$151,MATCH(D542,'المحافظات Governorates'!$A$2:$A$151,0)),"") -> Adham | I542: =IFERROR(INDEX('المناطق Regions'!$C$2:$C$15,MATCH(B542,'المناطق Regions'!$A$2:$A$15,0)),"") -> Makkah Al-Mukarramah | J542: =F542&", "&E542&", Saudi Arabia" -> الجائزه, أضم, Saudi Arabia | K542: 20.436175 | L542: 40.830231 | M542: 40000 | N542: approximate (governorate centre)
A543: 0217-003 | B543: 2 | C543: مكة المكرمة | D543: 0217 | E543: أضم | F543: المرقبان | G543: فئة (ب) | H543: =IFERROR(INDEX('المحافظات Governorates'!$E$2:$E$151,MATCH(D543,'المحافظات Governorates'!$A$2:$A$151,0)),"") -> Adham | I543: =IFERROR(INDEX('المناطق Regions'!$C$2:$C$15,MATCH(B543,'المناطق Regions'!$A$2:$A$15,0)),"") -> Makkah Al-Mukarramah | J543: =F543&", "&E543&", Saudi Arabia" -> المرقبان, أضم, Saudi Arabia | K543: 20.436175 | L543: 40.830231 | M543: 40000 | N543: approximate (governorate centre)
... A787: 0413-013 | B787: 4 | C787: القصيم | D787: 0413 | E787: ضريه | F787: صعينين | G787: فئة (ب) | H787: =IFERROR(INDEX('المحافظات Governorates'!$E$2:$E$151,MATCH(D787,'المحافظات Governorates'!$A$2:$A$151,0)),"") -> Dhariyah | I787: =IFERROR(INDEX('المناطق Regions'!$C$2:$C$15,MATCH(B787,'المناطق Regions'!$A$2:$A$15,0)),"") -> Al-Qassim | J787: =F787&", "&E787&", Saudi Arabia" -> صعينين, ضريه, Saudi Arabia | K787: 25.158764 | L787: 42.556222 | M787: 2000 | N787: geocoded (governorate not verifiable)
A788: 0501-001 | B788: 5 | C788: المنطقة الشرقية | D788: 0501 | E788: الدمام | F788: سحمه | G788: فئة (أ) | H788: =IFERROR(INDEX('المحافظات Governorates'!$E$2:$E$151,MATCH(D788,'المحافظات Governorates'!$A$2:$A$151,0)),"") -> Dammam | I788: =IFERROR(INDEX('المناطق Regions'!$C$2:$C$15,MATCH(B788,'المناطق Regions'!$A$2:$A$15,0)),"") -> Eastern Province | J788: =F788&", "&E788&", Saudi Arabia" -> سحمه, الدمام, Saudi Arabia | N788: not found
A789: 0501-002 | B789: 5 | C789: المنطقة الشرقية | D789: 0501 | E789: الدمام | F789: ذاعبلوتن | G789: فئة (أ) | H789: =IFERROR(INDEX('المحافظات Governorates'!$E$2:$E$151,MATCH(D789,'المحافظات Governorates'!$A$2:$A$151,0)),"") -> Dammam | I789: =IFERROR(INDEX('المناطق Regions'!$C$2:$C$15,MATCH(B789,'المناطق Regions'!$A$2:$A$15,0)),"") -> Eastern Province | J789: =F789&", "&E789&", Saudi Arabia" -> ذاعبلوتن, الدمام, Saudi Arabia | N789: not found
A790: 0501-003 | B790: 5 | C790: المنطقة الشرقية | D790: 0501 | E790: الدمام | F790: الظهران | G790: فئة (أ) | H790: =IFERROR(INDEX('المحافظات Governorates'!$E$2:$E$151,MATCH(D790,'المحافظات Governorates'!$A$2:$A$151,0)),"") -> Dammam | I790: =IFERROR(INDEX('المناطق Regions'!$C$2:$C$15,MATCH(B790,'المناطق Regions'!$A$2:$A$15,0)),"") -> Eastern Province | J790: =F790&", "&E790&", Saudi Arabia" -> الظهران, الدمام, Saudi Arabia | K790: 26.296653 | L790: 50.120215 | M790: 2000 | N790: geocoded (governorate not verifiable)
A791: 0502-001 | B791: 5 | C791: المنطقة الشرقية | D791: 0502 | E791: الاحساء | F791: جوده | G791: فئة (أ) | H791: =IFERROR(INDEX('المحافظات Governorates'!$E$2:$E$151,MATCH(D791,'المحافظات Governorates'!$A$2:$A$151,0)),"") -> Al-Ahsa | I791: =IFERROR(INDEX('المناطق Regions'!$C$2:$C$15,MATCH(B791,'المناطق Regions'!$A$2:$A$15,0)),"") -> Eastern Province | J791: =F791&", "&E791&", Saudi Arabia" -> جوده, الاحساء, Saudi Arabia | K791: 25.355072 | L791: 49.610104 | M791: 2000 | N791: geocoded
A792: 0502-002 | B792: 5 | C792: المنطقة الشرقية | D792: 0502 | E792: الاحساء | F792: عريعره | G792: فئة (أ) | H792: =IFERROR(INDEX('المحافظات Governorates'!$E$2:$E$151,MATCH(D792,'المحافظات Governorates'!$A$2:$A$151,0)),"") -> Al-Ahsa | I792: =IFERROR(INDEX('المناطق Regions'!$C$2:$C$15,MATCH(B792,'المناطق Regions'!$A$2:$A$15,0)),"") -> Eastern Province | J792: =F792&", "&E792&", Saudi Arabia" -> عريعره, الاحساء, Saudi Arabia | K792: 25.977396 | L792: 48.86878 | M792: 2000 | N792: geocoded
A793: 0502-003 | B793: 5 | C793: المنطقة الشرقية | D793: 0502 | E793: الاحساء | F793: يبرين | G793: فئة (أ) | H793: =IFERROR(INDEX('المحافظات Governorates'!$E$2:$E$151,MATCH(D793,'المحافظات Governorates'!$A$2:$A$151,0)),"") -> Al-Ahsa | I793: =IFERROR(INDEX('المناطق Regions'!$C$2:$C$15,MATCH(B793,'المناطق Regions'!$A$2:$A$15,0)),"") -> Eastern Province | J793: =F793&", "&E793&", Saudi Arabia" -> يبرين, الاحساء, Saudi Arabia | K793: 23.301459 | L793: 48.971733 | M793: 2000 | N793: geocoded
A794: 0502-004 | B794: 5 | C794: المنطقة الشرقية | D794: 0502 | E794: الاحساء | F794: الخن | G794: فئة (أ) | H794: =IFERROR(INDEX('المحافظات Governorates'!$E$2:$E$151,MATCH(D794,'المحافظات Governorates'!$A$2:$A$151,0)),"") -> Al-Ahsa | I794: =IFERROR(INDEX('المناطق Regions'!$C$2:$C$15,MATCH(B794,'المناطق Regions'!$A$2:$A$15,0)),"") -> Eastern Province | J794: =F794&", "&E794&", Saudi Arabia" -> الخن, الاحساء, Saudi Arabia | K794: 23.303587 | L794: 49.252553 | M794: 2000 | N794: geocoded
A795: 0502-005 | B795: 5 | C795: المنطقة الشرقية | D795: 0502 | E795: الاحساء | F795: الحفاير | G795: فئة (أ) | H795: =IFERROR(INDEX('المحافظات Governorates'!$E$2:$E$151,MATCH(D795,'المحافظات Governorates'!$A$2:$A$151,0)),"") -> Al-Ahsa | I795: =IFERROR(INDEX('المناطق Regions'!$C$2:$C$15,MATCH(B795,'المناطق Regions'!$A$2:$A$15,0)),"") -> Eastern Province | J795: =F795&", "&E795&", Saudi Arabia" -> الحفاير, الاحساء, Saudi Arabia | K795: 23.124997 | L795: 48.968405 | M795: 2000 | N795: geocoded
A796: 0502-006 | B796: 5 | C796: المنطقة الشرقية | D796: 0502 | E796: الاحساء | F796: الغويبه | G796: فئة (أ) | H796: =IFERROR(INDEX('المحافظات Governorates'!$E$2:$E$151,MATCH(D796,'المحافظات Governorates'!$A$2:$A$151,0)),"") -> Al-Ahsa | I796: =IFERROR(INDEX('المناطق Regions'!$C$2:$C$15,MATCH(B796,'المناطق Regions'!$A$2:$A$15,0)),"") -> Eastern Province | J796: =F796&", "&E796&", Saudi Arabia" -> الغويبه, الاحساء, Saudi Arabia | K796: 25.257345 | L796: 49.689215 | M796: 2000 | N796: geocoded
A797: 0502-007 | B797: 5 | C797: المنطقة الشرقية | D797: 0502 | E797: الاحساء | F797: ام ربيعه | G797: فئة (أ) | H797: =IFERROR(INDEX('المحافظات Governorates'!$E$2:$E$151,MATCH(D797,'المحافظات Governorates'!$A$2:$A$151,0)),"") -> Al-Ahsa | I797: =IFERROR(INDEX('المناطق Regions'!$C$2:$C$15,MATCH(B797,'المناطق Regions'!$A$2:$A$15,0)),"") -> Eastern Province | J797: =F797&", "&E797&", Saudi Arabia" -> ام ربيعه, الاحساء, Saudi Arabia | K797: 26.027834 | L797: 48.852408 | M797: 2000 | N797: geocoded
A798: 0502-008 | B798: 5 | C798: المنطقة الشرقية | D798: 0502 | E798: الاحساء | F798: ام اثله | G798: فئة (أ) | H798: =IFERROR(INDEX('المحافظات Governorates'!$E$2:$E$151,MATCH(D798,'المحافظات Governorates'!$A$2:$A$151,0)),"") -> Al-Ahsa | I798: =IFERROR(INDEX('المناطق Regions'!$C$2:$C$15,MATCH(B798,'المناطق Regions'!$A$2:$A$15,0)),"") -> Eastern Province | J798: =F798&", "&E798&", Saudi Arabia" -> ام اثله, الاحساء, Saudi Arabia | K798: 23.156911 | L798: 49.326841 | M798: 2000 | N798: geocoded
A799: 0502-009 | B799: 5 | C799: المنطقة الشرقية | D799: 0502 | E799: الاحساء | F799: العيون | G799: فئة (أ) | H799: =IFERROR(INDEX('المحافظات Governorates'!$E$2:$E$151,MATCH(D799,'المحافظات Governorates'!$A$2:$A$151,0)),"") -> Al-Ahsa | I799: =IFERROR(INDEX('المناطق Regions'!$C$2:$C$15,MATCH(B799,'المناطق Regions'!$A$2:$A$15,0)),"") -> Eastern Province | J799: =F799&", "&E799&", Saudi Arabia" -> العيون, الاحساء, Saudi Arabia | K799: 25.607645 | L799: 49.564949 | M799: 2000 | N799: geocoded
A800: 0502-010 | B800: 5 | C800: المنطقة الشرقية | D800: 0502 | E800: الاحساء | F800: العضيليه | G800: فئة (أ) | H800: =IFERROR(INDEX('المحافظات Governorates'!$E$2:$E$151,MATCH(D800,'المحافظات Governorates'!$A$2:$A$151,0)),"") -> Al-Ahsa | I800: =IFERROR(INDEX('المناطق Regions'!$C$2:$C$15,MATCH(B800,'المناطق Regions'!$A$2:$A$15,0)),"") -> Eastern Province | J800: =F800&", "&E800&", Saudi Arabia" -> العضيليه, الاحساء, Saudi Arabia | K800: 25.140477 | L800: 49.299903 | M800: 2000 | N800: geocoded
A801: 0502-011 | B801: 5 | C801: المنطقة الشرقية | D801: 0502 | E801: الاحساء | F801: حرض | G801: فئة (أ) | H801: =IFERROR(INDEX('المحافظات Governorates'!$E$2:$E$151,MATCH(D801,'المحافظات Governorates'!$A$2:$A$151,0)),"") -> Al-Ahsa | I801: =IFERROR(INDEX('المناطق Regions'!$C$2:$C$15,MATCH(B801,'المناطق Regions'!$A$2:$A$15,0)),"") -> Eastern Province | J801: =F801&", "&E801&", Saudi Arabia" -> حرض, الاحساء, Saudi Arabia | K801: 24.141899 | L801: 49.052984 | M801: 2000 | N801: geocoded
... A1101: 0706-006 | B1101: 7 | C1101: تبوك | D1101: 0706 | E1101: حقل | F1101: علو القصير | G1101: فئة (ب) | H1101: =IFERROR(INDEX('المحافظات Governorates'!$E$2:$E$151,MATCH(D1101,'المحافظات Governorates'!$A$2:$A$151,0)),"") -> Haql | I1101: =IFERROR(INDEX('المناطق Regions'!$C$2:$C$15,MATCH(B1101,'المناطق Regions'!$A$2:$A$15,0)),"") -> Tabuk | J1101: =F1101&", "&E1101&", Saudi Arabia" -> علو القصير, حقل, Saudi Arabia | K1101: 29.022397 | L1101: 35.360409 | M1101: 67165 | N1101: approximate (governorate centre, ±67km)
A1102: 0707-001 | B1102: 7 | C1102: تبوك | D1102: 0707 | E1102: البدع | F1102: قيال | G1102: فئة (ب) | H1102: =IFERROR(INDEX('المحافظات Governorates'!$E$2:$E$151,MATCH(D1102,'المحافظات Governorates'!$A$2:$A$151,0)),"") -> Al-Bada' | I1102: =IFERROR(INDEX('المناطق Regions'!$C$2:$C$15,MATCH(B1102,'المناطق Regions'!$A$2:$A$15,0)),"") -> Tabuk | J1102: =F1102&", "&E1102&", Saudi Arabia" -> قيال, البدع, Saudi Arabia | M1102: 41744 | N1102: approximate (governorate centre, ±42km)
A1103: 0707-002 | B1103: 7 | C1103: تبوك | D1103: 0707 | E1103: البدع | F1103: ابو رمانه | G1103: فئة (ب) | H1103: =IFERROR(INDEX('المحافظات Governorates'!$E$2:$E$151,MATCH(D1103,'المحافظات Governorates'!$A$2:$A$151,0)),"") -> Al-Bada' | I1103: =IFERROR(INDEX('المناطق Regions'!$C$2:$C$15,MATCH(B1103,'المناطق Regions'!$A$2:$A$15,0)),"") -> Tabuk | J1103: =F1103&", "&E1103&", Saudi Arabia" -> ابو رمانه, البدع, Saudi Arabia | M1103: 41744 | N1103: approximate (governorate centre, ±42km)
A1104: 0707-003 | B1104: 7 | C1104: تبوك | D1104: 0707 | E1104: البدع | F1104: العصيليه | G1104: فئة (ب) | H1104: =IFERROR(INDEX('المحافظات Governorates'!$E$2:$E$151,MATCH(D1104,'المحافظات Governorates'!$A$2:$A$151,0)),"") -> Al-Bada' | I1104: =IFERROR(INDEX('المناطق Regions'!$C$2:$C$15,MATCH(B1104,'المناطق Regions'!$A$2:$A$15,0)),"") -> Tabuk | J1104: =F1104&", "&E1104&", Saudi Arabia" -> العصيليه, البدع, Saudi Arabia | M1104: 41744 | N1104: approximate (governorate centre, ±42km)
A1105: 0707-004 | B1105: 7 | C1105: تبوك | D1105: 0707 | E1105: البدع | F1105: مقنا | G1105: فئة (أ) | H1105: =IFERROR(INDEX('المحافظات Governorates'!$E$2:$E$151,MATCH(D1105,'المحافظات Governorates'!$A$2:$A$151,0)),"") -> Al-Bada' | I1105: =IFERROR(INDEX('المناطق Regions'!$C$2:$C$15,MATCH(B1105,'المناطق Regions'!$A$2:$A$15,0)),"") -> Tabuk | J1105: =F1105&", "&E1105&", Saudi Arabia" -> مقنا, البدع, Saudi Arabia | K1105: 28.402421 | L1105: 34.744746 | M1105: 2000 | N1105: geocoded (governorate not verifiable)
A1106: 0801-001 | B1106: 8 | C1106: حائل | D1106: 0801 | E1106: حائل | F1106: جبة | G1106: فئة (أ) | H1106: =IFERROR(INDEX('المحافظات Governorates'!$E$2:$E$151,MATCH(D1106,'المحافظات Governorates'!$A$2:$A$151,0)),"") -> Hail | I1106: =IFERROR(INDEX('المناطق Regions'!$C$2:$C$15,MATCH(B1106,'المناطق Regions'!$A$2:$A$15,0)),"") -> Hail | J1106: =F1106&", "&E1106&", Saudi Arabia" -> جبة, حائل, Saudi Arabia | K1106: 28.016854 | L1106: 40.952988 | M1106: 2000 | N1106: geocoded
A1107: 0801-002 | B1107: 8 | C1107: حائل | D1107: 0801 | E1107: حائل | F1107: الخطه | G1107: فئة (أ) | H1107: =IFERROR(INDEX('المحافظات Governorates'!$E$2:$E$151,MATCH(D1107,'المحافظات Governorates'!$A$2:$A$151,0)),"") -> Hail | I1107: =IFERROR(INDEX('المناطق Regions'!$C$2:$C$15,MATCH(B1107,'المناطق Regions'!$A$2:$A$15,0)),"") -> Hail | J1107: =F1107&", "&E1107&", Saudi Arabia" -> الخطه, حائل, Saudi Arabia | K1107: 28.067222 | L1107: 41.108333 | M1107: 2000 | N1107: geocoded
A1108: 0801-003 | B1108: 8 | C1108: حائل | D1108: 0801 | E1108: حائل | F1108: قناء | G1108: فئة (أ) | H1108: =IFERROR(INDEX('المحافظات Governorates'!$E$2:$E$151,MATCH(D1108,'المحافظات Governorates'!$A$2:$A$151,0)),"") -> Hail | I1108: =IFERROR(INDEX('المناطق Regions'!$C$2:$C$15,MATCH(B1108,'المناطق Regions'!$A$2:$A$15,0)),"") -> Hail | J1108: =F1108&", "&E1108&", Saudi Arabia" -> قناء, حائل, Saudi Arabia | K1108: 27.777224 | L1108: 41.423634 | M1108: 2000 | N1108: geocoded
A1109: 0801-004 | B1109: 8 | C1109: حائل | D1109: 0801 | E1109: حائل | F1109: ام القلبان | G1109: فئة (أ) | H1109: =IFERROR(INDEX('المحافظات Governorates'!$E$2:$E$151,MATCH(D1109,'المحافظات Governorates'!$A$2:$A$151,0)),"") -> Hail | I1109: =IFERROR(INDEX('المناطق Regions'!$C$2:$C$15,MATCH(B1109,'المناطق Regions'!$A$2:$A$15,0)),"") -> Hail | J1109: =F1109&", "&E1109&", Saudi Arabia" -> ام القلبان, حائل, Saudi Arabia | K1109: 27.809572 | L1109: 41.429272 | M1109: 2000 | N1109: geocoded
A1110: 0801-005 | B1110: 8 | C1110: حائل | D1110: 0801 | E1110: حائل | F1110: عقده | G1110: فئة (ب) | H1110: =IFERROR(INDEX('المحافظات Governorates'!$E$2:$E$151,MATCH(D1110,'المحافظات Governorates'!$A$2:$A$151,0)),"") -> Hail | I1110: =IFERROR(INDEX('المناطق Regions'!$C$2:$C$15,MATCH(B1110,'المناطق Regions'!$A$2:$A$15,0)),"") -> Hail | J1110: =F1110&", "&E1110&", Saudi Arabia" -> عقده, حائل, Saudi Arabia | K1110: 27.516466 | L1110: 41.601137 | M1110: 2000 | N1110: geocoded
A1111: 0801-006 | B1111: 8 | C1111: حائل | D1111: 0801 | E1111: حائل | F1111: قفار | G1111: فئة (أ) | H1111: =IFERROR(INDEX('المحافظات Governorates'!$E$2:$E$151,MATCH(D1111,'المحافظات Governorates'!$A$2:$A$151,0)),"") -> Hail | I1111: =IFERROR(INDEX('المناطق Regions'!$C$2:$C$15,MATCH(B1111,'المناطق Regions'!$A$2:$A$15,0)),"") -> Hail | J1111: =F1111&", "&E1111&", Saudi Arabia" -> قفار, حائل, Saudi Arabia | K1111: 27.415343 | L1111: 41.619026 | M1111: 2000 | N1111: geocoded
A1112: 0801-007 | B1112: 8 | C1112: حائل | D1112: 0801 | E1112: حائل | F1112: النيصيه | G1112: فئة (أ) | H1112: =IFERROR(INDEX('المحافظات Governorates'!$E$2:$E$151,MATCH(D1112,'المحافظات Governorates'!$A$2:$A$151,0)),"") -> Hail | I1112: =IFERROR(INDEX('المناطق Regions'!$C$2:$C$15,MATCH(B1112,'المناطق Regions'!$A$2:$A$15,0)),"") -> Hail | J1112: =F1112&", "&E1112&", Saudi Arabia" -> النيصيه, حائل, Saudi Arabia | K1112: 27.62504 | L1112: 41.698678 | M1112: 2000 | N1112: geocoded
A1113: 0801-008 | B1113: 8 | C1113: حائل | D1113: 0801 | E1113: حائل | F1113: قصر العشروات | G1113: فئة (أ) | H1113: =IFERROR(INDEX('المحافظات Governorates'!$E$2:$E$151,MATCH(D1113,'المحافظات Governorates'!$A$2:$A$151,0)),"") -> Hail | I1113: =IFERROR(INDEX('المناطق Regions'!$C$2:$C$15,MATCH(B1113,'المناطق Regions'!$A$2:$A$15,0)),"") -> Hail | J1113: =F1113&", "&E1113&", Saudi Arabia" -> قصر العشروات, حائل, Saudi Arabia | K1113: 27.331667 | L1113: 41.459722 | M1113: 2000 | N1113: geocoded
A1114: 0801-009 | B1114: 8 | C1114: حائل | D1114: 0801 | E1114: حائل | F1114: الودى | G1114: فئة (أ) | H1114: =IFERROR(INDEX('المحافظات Governorates'!$E$2:$E$151,MATCH(D1114,'المحافظات Governorates'!$A$2:$A$151,0)),"") -> Hail | I1114: =IFERROR(INDEX('المناطق Regions'!$C$2:$C$15,MATCH(B1114,'المناطق Regions'!$A$2:$A$15,0)),"") -> Hail | J1114: =F1114&", "&E1114&", Saudi Arabia" -> الودى, حائل, Saudi Arabia | K1114: 27.395841 | L1114: 41.573186 | M1114: 2000 | N1114: geocoded
A1115: 0801-010 | B1115: 8 | C1115: حائل | D1115: 0801 | E1115: حائل | F1115: الروضه | G1115: فئة (أ) | H1115: =IFERROR(INDEX('المحافظات Governorates'!$E$2:$E$151,MATCH(D1115,'المحافظات Governorates'!$A$2:$A$151,0)),"") -> Hail | I1115: =IFERROR(INDEX('المناطق Regions'!$C$2:$C$15,MATCH(B1115,'المناطق Regions'!$A$2:$A$15,0)),"") -> Hail | J1115: =F1115&", "&E1115&", Saudi Arabia" -> الروضه, حائل, Saudi Arabia | K1115: 26.798473 | L1115: 41.672626 | M1115: 2000 | N1115: geocoded
A1116: 0801-011 | B1116: 8 | C1116: حائل | D1116: 0801 | E1116: حائل | F1116: العش | G1116: فئة (أ) | H1116: =IFERROR(INDEX('المحافظات Governorates'!$E$2:$E$151,MATCH(D1116,'المحافظات Governorates'!$A$2:$A$151,0)),"") -> Hail | I1116: =IFERROR(INDEX('المناطق Regions'!$C$2:$C$15,MATCH(B1116,'المناطق Regions'!$A$2:$A$15,0)),"") -> Hail | J1116: =F1116&", "&E1116&", Saudi Arabia" -> العش, حائل, Saudi Arabia | K1116: 27.083175 | L1116: 41.810179 | M1116: 2000 | N1116: geocoded
... A1121: 0802-001 | B1121: 8 | C1121: حائل | D1121: 0802 | E1121: بقعاء | F1121: تربة | G1121: فئة (أ) | H1121: =IFERROR(INDEX('المحافظات Governorates'!$E$2:$E$151,MATCH(D1121,'المحافظات Governorates'!$A$2:$A$151,0)),"") -> Baqaa | I1121: =IFERROR(INDEX('المناطق Regions'!$C$2:$C$15,MATCH(B1121,'المناطق Regions'!$A$2:$A$15,0)),"") -> Hail | J1121: =F1121&", "&E1121&", Saudi Arabia" -> تربة, بقعاء, Saudi Arabia | K1121: 28.259575 | L1121: 42.92038 | M1121: 2000 | N1121: geocoded (governorate not verifiable)
A1122: 0802-002 | B1122: 8 | C1122: حائل | D1122: 0802 | E1122: بقعاء | F1122: الزبيره | G1122: فئة (أ) | H1122: =IFERROR(INDEX('المحافظات Governorates'!$E$2:$E$151,MATCH(D1122,'المحافظات Governorates'!$A$2:$A$151,0)),"") -> Baqaa | I1122: =IFERROR(INDEX('المناطق Regions'!$C$2:$C$15,MATCH(B1122,'المناطق Regions'!$A$2:$A$15,0)),"") -> Hail | J1122: =F1122&", "&E1122&", Saudi Arabia" -> الزبيره, بقعاء, Saudi Arabia | M1122: 77965 | N1122: approximate (governorate centre, ±78km)
A1123: 0802-003 | B1123: 8 | C1123: حائل | D1123: 0802 | E1123: بقعاء | F1123: الخوير | G1123: فئة (أ) | H1123: =IFERROR(INDEX('المحافظات Governorates'!$E$2:$E$151,MATCH(D1123,'المحافظات Governorates'!$A$2:$A$151,0)),"") -> Baqaa | I1123: =IFERROR(INDEX('المناطق Regions'!$C$2:$C$15,MATCH(B1123,'المناطق Regions'!$A$2:$A$15,0)),"") -> Hail | J1123: =F1123&", "&E1123&", Saudi Arabia" -> الخوير, بقعاء, Saudi Arabia | K1123: 27.610914 | L1123: 43.172308 | M1123: 2000 | N1123: geocoded (governorate not verifiable)
A1124: 0802-004 | B1124: 8 | C1124: حائل | D1124: 0802 | E1124: بقعاء | F1124: الاجفر | G1124: فئة (أ) | H1124: =IFERROR(INDEX('المحافظات Governorates'!$E$2:$E$151,MATCH(D1124,'المحافظات Governorates'!$A$2:$A$151,0)),"") -> Baqaa | I1124: =IFERROR(INDEX('المناطق Regions'!$C$2:$C$15,MATCH(B1124,'المناطق Regions'!$A$2:$A$15,0)),"") -> Hail | J1124: =F1124&", "&E1124&", Saudi Arabia" -> الاجفر, بقعاء, Saudi Arabia | K1124: 27.4725 | L1124: 42.998889 | M1124: 2000 | N1124: geocoded (governorate not verifiable)
A1125: 0802-005 | B1125: 8 | C1125: حائل | D1125: 0802 | E1125: بقعاء | F1125: ضبيعه | G1125: فئة (أ) | H1125: =IFERROR(INDEX('المحافظات Governorates'!$E$2:$E$151,MATCH(D1125,'المحافظات Governorates'!$A$2:$A$151,0)),"") -> Baqaa | I1125: =IFERROR(INDEX('المناطق Regions'!$C$2:$C$15,MATCH(B1125,'المناطق Regions'!$A$2:$A$15,0)),"") -> Hail | J1125: =F1125&", "&E1125&", Saudi Arabia" -> ضبيعه, بقعاء, Saudi Arabia | M1125: 77965 | N1125: approximate (governorate centre, ±78km)
A1126: 0802-006 | B1126: 8 | C1126: حائل | D1126: 0802 | E1126: بقعاء | F1126: الحيانيه | G1126: فئة (أ) | H1126: =IFERROR(INDEX('المحافظات Governorates'!$E$2:$E$151,MATCH(D1126,'المحافظات Governorates'!$A$2:$A$151,0)),"") -> Baqaa | I1126: =IFERROR(INDEX('المناطق Regions'!$C$2:$C$15,MATCH(B1126,'المناطق Regions'!$A$2:$A$15,0)),"") -> Hail | J1126: =F1126&", "&E1126&", Saudi Arabia" -> الحيانيه, بقعاء, Saudi Arabia | K1126: 28.699284 | L1126: 42.312342 | M1126: 2000 | N1126: geocoded (governorate not verifiable)
A1127: 0802-007 | B1127: 8 | C1127: حائل | D1127: 0802 | E1127: بقعاء | F1127: شعيبة المياه | G1127: فئة (أ) | H1127: =IFERROR(INDEX('المحافظات Governorates'!$E$2:$E$151,MATCH(D1127,'المحافظات Governorates'!$A$2:$A$151,0)),"") -> Baqaa | I1127: =IFERROR(INDEX('المناطق Regions'!$C$2:$C$15,MATCH(B1127,'المناطق Regions'!$A$2:$A$15,0)),"") -> Hail | J1127: =F1127&", "&E1127&", Saudi Arabia" -> شعيبة المياه, بقعاء, Saudi Arabia | K1127: 27.842178 | L1127: 42.776101 | M1127: 2000 | N1127: geocoded (governorate not verifiable)
A1128: 0802-008 | B1128: 8 | C1128: حائل | D1128: 0802 | E1128: بقعاء | F1128: الشيحية | G1128: فئة (أ) | H1128: =IFERROR(INDEX('المحافظات Governorates'!$E$2:$E$151,MATCH(D1128,'المحافظات Governorates'!$A$2:$A$151,0)),"") -> Baqaa | I1128: =IFERROR(INDEX('المناطق Regions'!$C$2:$C$15,MATCH(B1128,'المناطق Regions'!$A$2:$A$15,0)),"") -> Hail | J1128: =F1128&", "&E1128&", Saudi Arabia" -> الشيحية, بقعاء, Saudi Arabia | K1128: 27.890386 | L1128: 42.681883 | M1128: 2000 | N1128: geocoded (governorate not verifiable)
A1129: 0802-009 | B1129: 8 | C1129: حائل | D1129: 0802 | E1129: بقعاء | F1129: اشيقر | G1129: فئة (ب) | H1129: =IFERROR(INDEX('المحافظات Governorates'!$E$2:$E$151,MATCH(D1129,'المحافظات Governorates'!$A$2:$A$151,0)),"") -> Baqaa | I1129: =IFERROR(INDEX('المناطق Regions'!$C$2:$C$15,MATCH(B1129,'المناطق Regions'!$A$2:$A$15,0)),"") -> Hail | J1129: =F1129&", "&E1129&", Saudi Arabia" -> اشيقر, بقعاء, Saudi Arabia | K1129: 28.829486 | L1129: 42.02029 | M1129: 2000 | N1129: geocoded (governorate not verifiable)
A1130: 0802-010 | B1130: 8 | C1130: حائل | D1130: 0802 | E1130: بقعاء | F1130: ام ساروت | G1130: فئة (ب) | H1130: =IFERROR(INDEX('المحافظات Governorates'!$E$2:$E$151,MATCH(D1130,'المحافظات Governorates'!$A$2:$A$151,0)),"") -> Baqaa | I1130: =IFERROR(INDEX('المناطق Regions'!$C$2:$C$15,MATCH(B1130,'المناطق Regions'!$A$2:$A$15,0)),"") -> Hail | J1130: =F1130&", "&E1130&", Saudi Arabia" -> ام ساروت, بقعاء, Saudi Arabia | K1130: 27.447841 | L1130: 43.401303 | M1130: 2000 | N1130: geocoded (governorate not verifiable)
A1131: 0802-011 | B1131: 8 | C1131: حائل | D1131: 0802 | E1131: بقعاء | F1131: الناصرية | G1131: فئة (ب) | H1131: =IFERROR(INDEX('المحافظات Governorates'!$E$2:$E$151,MATCH(D1131,'المحافظات Governorates'!$A$2:$A$151,0)),"") -> Baqaa | I1131: =IFERROR(INDEX('المناطق Regions'!$C$2:$C$15,MATCH(B1131,'المناطق Regions'!$A$2:$A$15,0)),"") -> Hail | J1131: =F1131&", "&E1131&", Saudi Arabia" -> الناصرية, بقعاء, Saudi Arabia | K1131: 27.682931 | L1131: 42.551833 | M1131: 2000 | N1131: geocoded (governorate not verifiable)
A1132: 0802-012 | B1132: 8 | C1132: حائل | D1132: 0802 | E1132: بقعاء | F1132: الشعلانية | G1132: فئة (ب) | H1132: =IFERROR(INDEX('المحافظات Governorates'!$E$2:$E$151,MATCH(D1132,'المحافظات Governorates'!$A$2:$A$151,0)),"") -> Baqaa | I1132: =IFERROR(INDEX('المناطق Regions'!$C$2:$C$15,MATCH(B1132,'المناطق Regions'!$A$2:$A$15,0)),"") -> Hail | J1132: =F1132&", "&E1132&", Saudi Arabia" -> الشعلانية, بقعاء, Saudi Arabia | K1132: 27.726667 | L1132: 42.564167 | M1132: 2000 | N1132: geocoded (governorate not verifiable)
A1133: 0802-013 | B1133: 8 | C1133: حائل | D1133: 0802 | E1133: بقعاء | F1133: الجثاثية | G1133: فئة (ب) | H1133: =IFERROR(INDEX('المحافظات Governorates'!$E$2:$E$151,MATCH(D1133,'المحافظات Governorates'!$A$2:$A$151,0)),"") -> Baqaa | I1133: =IFERROR(INDEX('المناطق Regions'!$C$2:$C$15,MATCH(B1133,'المناطق Regions'!$A$2:$A$15,0)),"") -> Hail | J1133: =F1133&", "&E1133&", Saudi Arabia" -> الجثاثية, بقعاء, Saudi Arabia | M1133: 77965 | N1133: approximate (governorate centre, ±78km)
A1134: 0802-014 | B1134: 8 | C1134: حائل | D1134: 0802 | E1134: بقعاء | F1134: جبله | G1134: فئة (ب) | H1134: =IFERROR(INDEX('المحافظات Governorates'!$E$2:$E$151,MATCH(D1134,'المحافظات Governorates'!$A$2:$A$151,0)),"") -> Baqaa | I1134: =IFERROR(INDEX('المناطق Regions'!$C$2:$C$15,MATCH(B1134,'المناطق Regions'!$A$2:$A$15,0)),"") -> Hail | J1134: =F1134&", "&E1134&", Saudi Arabia" -> جبله, بقعاء, Saudi Arabia | M1134: 77965 | N1134: approximate (governorate centre, ±78km)
A1135: 0803-001 | B1135: 8 | C1135: حائل | D1135: 0803 | E1135: الغزاله | F1135: ريع البكر | G1135: فئة (ب) | H1135: =IFERROR(INDEX('المحافظات Governorates'!$E$2:$E$151,MATCH(D1135,'المحافظات Governorates'!$A$2:$A$151,0)),"") -> Al-Ghazalah | I1135: =IFERROR(INDEX('المناطق Regions'!$C$2:$C$15,MATCH(B1135,'المناطق Regions'!$A$2:$A$15,0)),"") -> Hail | J1135: =F1135&", "&E1135&", Saudi Arabia" -> ريع البكر, الغزاله, Saudi Arabia | K1135: 26.761855 | L1135: 41.494619 | M1135: 2000 | N1135: geocoded
A1136: 0803-002 | B1136: 8 | C1136: حائل | D1136: 0803 | E1136: الغزاله | F1136: الهويدى | G1136: فئة (ب) | H1136: =IFERROR(INDEX('المحافظات Governorates'!$E$2:$E$151,MATCH(D1136,'المحافظات Governorates'!$A$2:$A$151,0)),"") -> Al-Ghazalah | I1136: =IFERROR(INDEX('المناطق Regions'!$C$2:$C$15,MATCH(B1136,'المناطق Regions'!$A$2:$A$15,0)),"") -> Hail | J1136: =F1136&", "&E1136&", Saudi Arabia" -> الهويدى, الغزاله, Saudi Arabia | K1136: 27.023663 | L1136: 41.319806 | M1136: 2000 | N1136: geocoded
A1137: 0803-003 | B1137: 8 | C1137: حائل | D1137: 0803 | E1137: الغزاله | F1137: سقف | G1137: فئة (أ) | H1137: =IFERROR(INDEX('المحافظات Governorates'!$E$2:$E$151,MATCH(D1137,'المحافظات Governorates'!$A$2:$A$151,0)),"") -> Al-Ghazalah | I1137: =IFERROR(INDEX('المناطق Regions'!$C$2:$C$15,MATCH(B1137,'المناطق Regions'!$A$2:$A$15,0)),"") -> Hail | J1137: =F1137&", "&E1137&", Saudi Arabia" -> سقف, الغزاله, Saudi Arabia | K1137: 26.920427 | L1137: 41.12636 | M1137: 2000 | N1137: geocoded
A1138: 0803-004 | B1138: 8 | C1138: حائل | D1138: 0803 | E1138: الغزاله | F1138: وسيطا الحفن | G1138: فئة (أ) | H1138: =IFERROR(INDEX('المحافظات Governorates'!$E$2:$E$151,MATCH(D1138,'المحافظات Governorates'!$A$2:$A$151,0)),"") -> Al-Ghazalah | I1138: =IFERROR(INDEX('المناطق Regions'!$C$2:$C$15,MATCH(B1138,'المناطق Regions'!$A$2:$A$15,0)),"") -> Hail | J1138: =F1138&", "&E1138&", Saudi Arabia" -> وسيطا الحفن, الغزاله, Saudi Arabia | K1138: 26.772636 | L1138: 41.305623 | M1138: 67639 | N1138: approximate (governorate centre, ±68km)
A1139: 0803-005 | B1139: 8 | C1139: حائل | D1139: 0803 | E1139: الغزاله | F1139: المستجده | G1139: فئة (ب) | H1139: =IFERROR(INDEX('المحافظات Governorates'!$E$2:$E$151,MATCH(D1139,'المحافظات Governorates'!$A$2:$A$151,0)),"") -> Al-Ghazalah | I1139: =IFERROR(INDEX('المناطق Regions'!$C$2:$C$15,MATCH(B1139,'المناطق Regions'!$A$2:$A$15,0)),"") -> Hail | J1139: =F1139&", "&E1139&", Saudi Arabia" -> المستجده, الغزاله, Saudi Arabia | K1139: 26.671815 | L1139: 41.535037 | M1139: 2000 | N1139: geocoded
A1140: 0803-006 | B1140: 8 | C1140: حائل | D1140: 0803 | E1140: الغزاله | F1140: بدع الحويط | G1140: فئة (ب) | H1140: =IFERROR(INDEX('المحافظات Governorates'!$E$2:$E$151,MATCH(D1140,'المحافظات Governorates'!$A$2:$A$151,0)),"") -> Al-Ghazalah | I1140: =IFERROR(INDEX('المناطق Regions'!$C$2:$C$15,MATCH(B1140,'المناطق Regions'!$A$2:$A$15,0)),"") -> Hail | J1140: =F1140&", "&E1140&", Saudi Arabia" -> بدع الحويط, الغزاله, Saudi Arabia | K1140: 26.772636 | L1140: 41.305623 | M1140: 67639 | N1140: approximate (governorate centre, ±68km)
A1141: 0804-001 | B1141: 8 | C1141: حائل | D1141: 0804 | E1141: الشنان | F1141: الكهفه | G1141: فئة (أ) | H1141: =IFERROR(INDEX('المحافظات Governorates'!$E$2:$E$151,MATCH(D1141,'المحافظات Governorates'!$A$2:$A$151,0)),"") -> Ash-Shinan | I1141: =IFERROR(INDEX('المناطق Regions'!$C$2:$C$15,MATCH(B1141,'المناطق Regions'!$A$2:$A$15,0)),"") -> Hail | J1141: =F1141&", "&E1141&", Saudi Arabia" -> الكهفه, الشنان, Saudi Arabia | K1141: 27.067151 | L1141: 43.024349 | M1141: 2000 | N1141: geocoded
A1142: 0804-002 | B1142: 8 | C1142: حائل | D1142: 0804 | E1142: الشنان | F1142: طابه | G1142: فئة (أ) | H1142: =IFERROR(INDEX('المحافظات Governorates'!$E$2:$E$151,MATCH(D1142,'المحافظات Governorates'!$A$2:$A$151,0)),"") -> Ash-Shinan | I1142: =IFERROR(INDEX('المناطق Regions'!$C$2:$C$15,MATCH(B1142,'المناطق Regions'!$A$2:$A$15,0)),"") -> Hail | J1142: =F1142&", "&E1142&", Saudi Arabia" -> طابه, الشنان, Saudi Arabia | K1142: 27.028333 | L1142: 42.171667 | M1142: 2000 | N1142: geocoded
A1143: 0804-003 | B1143: 8 | C1143: حائل | D1143: 0804 | E1143: الشنان | F1143: السعيره | G1143: فئة (أ) | H1143: =IFERROR(INDEX('المحافظات Governorates'!$E$2:$E$151,MATCH(D1143,'المحافظات Governorates'!$A$2:$A$151,0)),"") -> Ash-Shinan | I1143: =IFERROR(INDEX('المناطق Regions'!$C$2:$C$15,MATCH(B1143,'المناطق Regions'!$A$2:$A$15,0)),"") -> Hail | J1143: =F1143&", "&E1143&", Saudi Arabia" -> السعيره, الشنان, Saudi Arabia | K1143: 27.275441 | L1143: 43.176659 | M1143: 2000 | N1143: geocoded
A1144: 0804-004 | B1144: 8 | C1144: حائل | D1144: 0804 | E1144: الشنان | F1144: العدوه | G1144: فئة (أ) | H1144: =IFERROR(INDEX('المحافظات Governorates'!$E$2:$E$151,MATCH(D1144,'المحافظات Governorates'!$A$2:$A$151,0)),"") -> Ash-Shinan | I1144: =IFERROR(INDEX('المناطق Regions'!$C$2:$C$15,MATCH(B1144,'المناطق Regions'!$A$2:$A$15,0)),"") -> Hail | J1144: =F1144&", "&E1144&", Saudi Arabia" -> العدوه, الشنان, Saudi Arabia | K1144: 27.297502 | L1144: 42.273561 | M1144: 2000 | N1144: geocoded
A1145: 0804-005 | B1145: 8 | C1145: حائل | D1145: 0804 | E1145: الشنان | F1145: فيد | G1145: فئة (أ) | H1145: =IFERROR(INDEX('المحافظات Governorates'!$E$2:$E$151,MATCH(D1145,'المحافظات Governorates'!$A$2:$A$151,0)),"") -> Ash-Shinan | I1145: =IFERROR(INDEX('المناطق Regions'!$C$2:$C$15,MATCH(B1145,'المناطق Regions'!$A$2:$A$15,0)),"") -> Hail | J1145: =F1145&", "&E1145&", Saudi Arabia" -> فيد, الشنان, Saudi Arabia | K1145: 27.113229 | L1145: 42.518809 | M1145: 2000 | N1145: geocoded
A1146: 0804-006 | B1146: 8 | C1146: حائل | D1146: 0804 | E1146: الشنان | F1146: الساقية | G1146: فئة (ب) | H1146: =IFERROR(INDEX('المحافظات Governorates'!$E$2:$E$151,MATCH(D1146,'المحافظات Governorates'!$A$2:$A$151,0)),"") -> Ash-Shinan | I1146: =IFERROR(INDEX('المناطق Regions'!$C$2:$C$15,MATCH(B1146,'المناطق Regions'!$A$2:$A$15,0)),"") -> Hail | J1146: =F1146&", "&E1146&", Saudi Arabia" -> الساقية, الشنان, Saudi Arabia | K1146: 27.153784 | L1146: 42.466469 | M1146: 2000 | N1146: geocoded
... A1258: 1010-001 | B1258: 10 | C1258: جازان | D1258: 1010 | E1258: الدائر | F1258: جبال الحشر | G1258: فئة (أ) | H1258: =IFERROR(INDEX('المحافظات Governorates'!$E$2:$E$151,MATCH(D1258,'المحافظات Governorates'!$A$2:$A$151,0)),"") -> Ad-Dayer | I1258: =IFERROR(INDEX('المناطق Regions'!$C$2:$C$15,MATCH(B1258,'المناطق Regions'!$A$2:$A$15,0)),"") -> Jazan | J1258: =F1258&", "&E1258&", Saudi Arabia" -> جبال الحشر, الدائر, Saudi Arabia | K1258: 17.468891 | L1258: 43.035057 | M1258: 2000 | N1258: geocoded (governorate not verifiable)
A1259: 1010-002 | B1259: 10 | C1259: جازان | D1259: 1010 | E1259: الدائر | F1259: آل زيدان | G1259: فئة (أ) | H1259: =IFERROR(INDEX('المحافظات Governorates'!$E$2:$E$151,MATCH(D1259,'المحافظات Governorates'!$A$2:$A$151,0)),"") -> Ad-Dayer | I1259: =IFERROR(INDEX('المناطق Regions'!$C$2:$C$15,MATCH(B1259,'المناطق Regions'!$A$2:$A$15,0)),"") -> Jazan | J1259: =F1259&", "&E1259&", Saudi Arabia" -> آل زيدان, الدائر, Saudi Arabia | N1259: not found
A1260: 1010-003 | B1260: 10 | C1260: جازان | D1260: 1010 | E1260: الدائر | F1260: وادي دفاء | G1260: فئة (أ) | H1260: =IFERROR(INDEX('المحافظات Governorates'!$E$2:$E$151,MATCH(D1260,'المحافظات Governorates'!$A$2:$A$151,0)),"") -> Ad-Dayer | I1260: =IFERROR(INDEX('المناطق Regions'!$C$2:$C$15,MATCH(B1260,'المناطق Regions'!$A$2:$A$15,0)),"") -> Jazan | J1260: =F1260&", "&E1260&", Saudi Arabia" -> وادي دفاء, الدائر, Saudi Arabia | K1260: 17.370997 | L1260: 43.191178 | M1260: 2000 | N1260: geocoded (governorate not verifiable)
...

Sheet المراجع References
A1: # | B1: المصدر Source | C1: الوصف / الاستخدام Description & intended use | D1: الرابط URL
A2: 1 | B2: نظام المناطق — الأمر الملكي رقم (أ/92) وتعديله (أ/21) | C2: الأساس النظامي للتقسيم الإداري: المناطق والمحافظات فئة (أ) و(ب) والمراكز. المرجع: المركز الوطني للوثائق والمحفوظات | D2: https://ncar.gov.sa
A3: 2 | B3: وزارة الداخلية — وكالة الوزارة لشؤون المناطق: الإمارات ومحافظاتها | C3: القائمة الرسمية للمحافظات التابعة لكل إمارة منطقة | D3: https://www.moi.gov.sa
A4: 3 | B4: دليل ترميز المناطق والمحافظات والمراكز — المركز الوطني للسجلات (NCAR) | C4: الترميز الرسمي المعتمد للمناطق والمحافظات والمراكز — يُوصى باعتماده كمعرّف نهائي في قاعدة البيانات | D4: http://ncar.gov.sa/Encoding/Region
A5: 4 | B5: الهيئة العامة للإحصاء (GASTAT) — إحصاءات الخدمات الحكومية وتعداد 2022 | C5: مصدر أعداد المحافظات والمراكز وفئاتها (الجدول 33) وبيانات السكان لكل تقسيم إداري | D5: https://www.stats.gov.sa/en/97
A6: 5 | B6: OpenStreetMap Wiki — قائمة محافظات ومراكز السعودية (المستند إلى بيانات وزارة الداخلية وGASTAT) | C6: القائمة التفصيلية المستخدمة في هذا الملف (1,554 وحدة: محافظات ومراكز بفئاتها)، بصيغة قابلة للمعالجة | D6: https://wiki.openstreetmap.org/wiki/List_of_governorates_of_Saudi_Arabia
A7: 6 | B7: سعوديبيديا — التقسيم الإداري للسعودية | C7: مرجع توثيقي حديث: 13 منطقة، 150 محافظة، والمراكز؛ يوثّق آلية استحداث المحافظات والمراكز | D7: https://saudipedia.com
A8: 7 | B8: البوابة الوطنية للبيانات المفتوحة | C8: مجموعات بيانات حكومية مفتوحة للتقسيمات الإدارية والسكان | D8: https://open.data.gov.sa
A9: 8 | B9: geoBoundaries — SAU ADM1/ADM2 | C9: حدود جغرافية مفتوحة (GeoJSON/Shapefile) للمناطق (ADM1) والمحافظات (ADM2) — مناسبة لبناء طبقات الخريطة | D9: https://www.geoboundaries.org/countryDownloads.html
A10: 9 | B10: HDX / OCHA — Saudi Arabia Administrative Boundaries (COD-AB) | C10: حدود إدارية معيارية بأكواد P-codes للربط البرمجي بين الجداول والخرائط | D10: https://data.humdata.org/dataset/cod-ab-sau
A11: 10 | B11: GADM — Saudi Arabia | C11: بديل إضافي لحدود المستويين الأول والثاني بصيغ GeoPackage/Shapefile | D11: https://gadm.org/download_country.html
A12: 11 | B12: ISO 3166-2:SA | C12: رموز المناطق الدولية المستخدمة في ورقة المناطق (ملاحظة: عسير = SA-14 ولا يوجد SA-13) | D12: https://www.iso.org/obp/ui/#iso:code:3166:SA
